city_id,city,country,country_id
1,A Coruña (La Coruña),Spain,87
2,Abha,Saudi Arabia,82
3,Abu Dhabi,United Arab Emirates,101
4,Acuña,Mexico,60
5,Adana,Turkey,97
6,Addis Abeba,Ethiopia,31
7,Aden,Yemen,107
8,Adoni,India,44
9,Ahmadnagar,India,44
10,Akishima,Japan,50
11,Akron,United States,103
12,al-Ayn,United Arab Emirates,101
13,al-Hawiya,Saudi Arabia,82
14,al-Manama,Bahrain,11
15,al-Qadarif,Sudan,89
16,al-Qatif,Saudi Arabia,82
17,Alessandria,Italy,49
18,Allappuzha (Alleppey),India,44
19,Allende,Mexico,60
20,Almirante Brown,Argentina,6
21,Alvorada,Brazil,15
22,Ambattur,India,44
23,Amersfoort,Netherlands,67
24,Amroha,India,44
25,Angra dos Reis,Brazil,15
26,Anápolis,Brazil,15
27,Antofagasta,Chile,22
28,Aparecida de Goiânia,Brazil,15
29,Apeldoorn,Netherlands,67
30,Araçatuba,Brazil,15
31,Arak,Iran,46
32,Arecibo,Puerto Rico,77
33,Arlington,United States,103
34,Ashdod,Israel,48
35,Ashgabat,Turkmenistan,98
36,Ashqelon,Israel,48
37,Asunción,Paraguay,73
38,Athenai,Greece,39
39,Atšinsk,Russian Federation,80
40,Atlixco,Mexico,60
41,Augusta-Richmond County,United States,103
42,Aurora,United States,103
43,Avellaneda,Argentina,6
44,Bagé,Brazil,15
45,Bahía Blanca,Argentina,6
46,Baicheng,China,23
47,Baiyin,China,23
48,Baku,Azerbaijan,10
49,Balašiha,Russian Federation,80
50,Balikesir,Turkey,97
51,Balurghat,India,44
52,Bamenda,Cameroon,19
53,Bandar Seri Begawan,Brunei,16
54,Banjul,Gambia,37
55,Barcelona,Venezuela,104
56,Basel,Switzerland,91
57,Bat Yam,Israel,48
58,Batman,Turkey,97
59,Batna,Algeria,2
60,Battambang,Cambodia,18
61,Baybay,Philippines,75
62,Bayugan,Philippines,75
63,Béchar,Algeria,2
64,Beira,Mozambique,63
65,Bellevue,United States,103
66,Belém,Brazil,15
67,Benguela,Angola,4
68,Beni-Mellal,Morocco,62
69,Benin City,Nigeria,69
70,Bergamo,Italy,49
71,Berhampore (Baharampur),India,44
72,Bern,Switzerland,91
73,Bhavnagar,India,44
74,Bhilwara,India,44
75,Bhimavaram,India,44
76,Bhopal,India,44
77,Bhusawal,India,44
78,Bijapur,India,44
79,Bilbays,Egypt,29
80,Binzhou,China,23
81,Birgunj,Nepal,66
82,Bislig,Philippines,75
83,Blumenau,Brazil,15
84,Boa Vista,Brazil,15
85,Boksburg,South Africa,85
86,Botosani,Romania,78
87,Botshabelo,South Africa,85
88,Bradford,United Kingdom,102
89,Brasília,Brazil,15
90,Bratislava,Slovakia,84
91,Brescia,Italy,49
92,Brest,France,34
93,Brindisi,Italy,49
94,Brockton,United States,103
95,Bucuresti,Romania,78
96,Buenaventura,Colombia,24
97,Bydgoszcz,Poland,76
98,Cabuyao,Philippines,75
99,Callao,Peru,74
100,Cam Ranh,Vietnam,105
101,Cape Coral,United States,103
102,Caracas,Venezuela,104
103,Carmen,Mexico,60
104,Cavite,Philippines,75
105,Cayenne,French Guiana,35
106,Celaya,Mexico,60
107,Chandrapur,India,44
108,Changhwa,Taiwan,92
109,Changzhou,China,23
110,Chapra,India,44
111,Charlotte Amalie,"Virgin Islands, U.S.",106
112,Chatsworth,South Africa,85
113,Cheju,South Korea,86
114,Chiayi,Taiwan,92
115,Chisinau,Moldova,61
116,Chungho,Taiwan,92
117,Cianjur,Indonesia,45
118,Ciomas,Indonesia,45
119,Ciparay,Indonesia,45
120,Citrus Heights,United States,103
121,Città del Vaticano,Holy See (Vatican City State),41
122,Ciudad del Este,Paraguay,73
123,Clarksville,United States,103
124,Coacalco de Berriozábal,Mexico,60
125,Coatzacoalcos,Mexico,60
126,Compton,United States,103
127,Coquimbo,Chile,22
128,Córdoba,Argentina,6
129,Cuauhtémoc,Mexico,60
130,Cuautla,Mexico,60
131,Cuernavaca,Mexico,60
132,Cumaná,Venezuela,104
133,Czestochowa,Poland,76
134,Dadu,Pakistan,72
135,Dallas,United States,103
136,Datong,China,23
137,Daugavpils,Latvia,54
138,Davao,Philippines,75
139,Daxian,China,23
140,Dayton,United States,103
141,Deba Habe,Nigeria,69
142,Denizli,Turkey,97
143,Dhaka,Bangladesh,12
144,Dhule (Dhulia),India,44
145,Dongying,China,23
146,Donostia-San Sebastián,Spain,87
147,Dos Quebradas,Colombia,24
148,Duisburg,Germany,38
149,Dundee,United Kingdom,102
150,Dzerzinsk,Russian Federation,80
151,Ede,Netherlands,67
152,Effon-Alaiye,Nigeria,69
153,El Alto,Bolivia,14
154,El Fuerte,Mexico,60
155,El Monte,United States,103
156,Elista,Russian Federation,80
157,Emeishan,China,23
158,Emmen,Netherlands,67
159,Enshi,China,23
160,Erlangen,Germany,38
161,Escobar,Argentina,6
162,Esfahan,Iran,46
163,Eskisehir,Turkey,97
164,Etawah,India,44
165,Ezeiza,Argentina,6
166,Ezhou,China,23
167,Faaa,French Polynesia,36
168,Fengshan,Taiwan,92
169,Firozabad,India,44
170,Florencia,Colombia,24
171,Fontana,United States,103
172,Fukuyama,Japan,50
173,Funafuti,Tuvalu,99
174,Fuyu,China,23
175,Fuzhou,China,23
176,Gandhinagar,India,44
177,Garden Grove,United States,103
178,Garland,United States,103
179,Gatineau,Canada,20
180,Gaziantep,Turkey,97
181,Gijón,Spain,87
182,Gingoog,Philippines,75
183,Goiânia,Brazil,15
184,Gorontalo,Indonesia,45
185,Grand Prairie,United States,103
186,Graz,Austria,9
187,Greensboro,United States,103
188,Guadalajara,Mexico,60
189,Guarujá,Brazil,15
190,Águas Lindas de Goiás,Brazil,15
191,Gulbarga,India,44
192,Hagonoy,Philippines,75
193,Haining,China,23
194,Haiphong,Vietnam,105
195,Haldia,India,44
196,Halifax,Canada,20
197,Halisahar,India,44
198,Halle/Saale,Germany,38
199,Hami,China,23
200,Hamilton,New Zealand,68
201,Hanoi,Vietnam,105
202,Hidalgo,Mexico,60
203,Higashiosaka,Japan,50
204,Hino,Japan,50
205,Hiroshima,Japan,50
206,Hodeida,Yemen,107
207,Hohhot,China,23
208,Hoshiarpur,India,44
209,Hsichuh,Taiwan,92
210,Huai´an,China,23
211,Hubli-Dharwad,India,44
212,Huejutla de Reyes,Mexico,60
213,Huixquilucan,Mexico,60
214,Huánuco,Peru,74
215,Ibirité,Brazil,15
216,Idfu,Egypt,29
217,Ife,Nigeria,69
218,Ikerre,Nigeria,69
219,Iligan,Philippines,75
220,Ilorin,Nigeria,69
221,Imus,Philippines,75
222,Inegöl,Turkey,97
223,Ipoh,Malaysia,59
224,Isesaki,Japan,50
225,Ivanovo,Russian Federation,80
226,Iwaki,Japan,50
227,Iwakuni,Japan,50
228,Iwatsuki,Japan,50
229,Izumisano,Japan,50
230,Jaffna,Sri Lanka,88
231,Jaipur,India,44
232,Jakarta,Indonesia,45
234,Jamalpur,Bangladesh,12
235,Jaroslavl,Russian Federation,80
236,Jastrzebie-Zdrój,Poland,76
237,Jedda,Saudi Arabia,82
238,Jelets,Russian Federation,80
239,Jhansi,India,44
240,Jinchang,China,23
241,Jining,China,23
242,Jinzhou,China,23
243,Jodhpur,India,44
244,Johannesburg,South Africa,85
245,Joliet,United States,103
246,José Azueta,Mexico,60
247,Juazeiro do Norte,Brazil,15
248,Juiz de Fora,Brazil,15
249,Junan,China,23
250,Juárez,Mexico,60
251,Kabul,Afghanistan,1
252,Kaduna,Nigeria,69
253,Kakamigahara,Japan,50
254,Kaliningrad,Russian Federation,80
255,Kalisz,Poland,76
256,Kamakura,Japan,50
257,Kamarhati,India,44
258,Kamjanets-Podilskyi,Ukraine,100
259,Kamyšin,Russian Federation,80
260,Kanazawa,Japan,50
261,Kanchrapara,India,44
262,Kansas City,United States,103
263,Karnal,India,44
264,Katihar,India,44
265,Kermanshah,Iran,46
266,Kilis,Turkey,97
267,Kimberley,South Africa,85
268,Kimchon,South Korea,86
269,Kingstown,Saint Vincent and the Grenadines,81
270,Kirovo-Tšepetsk,Russian Federation,80
271,Kisumu,Kenya,52
272,Kitwe,Zambia,109
273,Klerksdorp,South Africa,85
274,Kolpino,Russian Federation,80
275,Konotop,Ukraine,100
276,Koriyama,Japan,50
277,Korla,China,23
278,Korolev,Russian Federation,80
279,Kowloon and New Kowloon,Hong Kong,42
280,Kragujevac,Yugoslavia,108
281,Kütahya,Turkey,97
282,Kuching,Malaysia,59
283,Kumbakonam,India,44
284,Kurashiki,Japan,50
285,Kurgan,Russian Federation,80
286,Kursk,Russian Federation,80
287,Kuwana,Japan,50
288,La Paz,Mexico,60
289,La Plata,Argentina,6
290,La Romana,Dominican Republic,27
291,Laiwu,China,23
292,Lancaster,United States,103
293,Laohekou,China,23
294,Lapu-Lapu,Philippines,75
295,Laredo,United States,103
296,Lausanne,Switzerland,91
297,Le Mans,France,34
298,Lengshuijiang,China,23
299,Leshan,China,23
300,Lethbridge,Canada,20
301,Lhokseumawe,Indonesia,45
302,Liaocheng,China,23
303,Liepaja,Latvia,54
304,Lilongwe,Malawi,58
305,Lima,Peru,74
306,Lincoln,United States,103
307,Linz,Austria,9
308,Lipetsk,Russian Federation,80
309,Livorno,Italy,49
310,Ljubertsy,Russian Federation,80
311,Loja,Ecuador,28
312,London,United Kingdom,102
314,Lublin,Poland,76
315,Lubumbashi,"Congo, The Democratic Republic of the",25
316,Lungtan,Taiwan,92
317,Luziânia,Brazil,15
318,Madiun,Indonesia,45
319,Mahajanga,Madagascar,57
320,Maikop,Russian Federation,80
321,Malmö,Sweden,90
322,Manchester,United States,103
323,Mandaluyong,Philippines,75
324,Mandi Bahauddin,Pakistan,72
325,Mannheim,Germany,38
326,Maracaíbo,Venezuela,104
327,Mardan,Pakistan,72
328,Maringá,Brazil,15
329,Masqat,Oman,71
330,Matamoros,Mexico,60
331,Matsue,Japan,50
332,Meixian,China,23
333,Memphis,United States,103
334,Merlo,Argentina,6
335,Mexicali,Mexico,60
336,Miraj,India,44
337,Mit Ghamr,Egypt,29
338,Miyakonojo,Japan,50
339,Mogiljov,Belarus,13
340,Molodetšno,Belarus,13
341,Monclova,Mexico,60
342,Monywa,Myanmar,64
343,Moscow,Russian Federation,80
344,Mosul,Iraq,47
345,Mukatševe,Ukraine,100
346,Munger (Monghyr),India,44
347,Mwanza,Tanzania,93
348,Mwene-Ditu,"Congo, The Democratic Republic of the",25
349,Myingyan,Myanmar,64
350,Mysore,India,44
351,Naçala-Porto,Mozambique,63
352,Nabereznyje Tšelny,Russian Federation,80
353,Nador,Morocco,62
354,Nagaon,India,44
355,Nagareyama,Japan,50
356,Najafabad,Iran,46
357,Naju,South Korea,86
358,Nakhon Sawan,Thailand,94
359,Nam Dinh,Vietnam,105
360,Namibe,Angola,4
361,Nantou,Taiwan,92
362,Nanyang,China,23
363,NDjamna,Chad,21
364,Newcastle,South Africa,85
365,Nezahualcóyotl,Mexico,60
366,Nha Trang,Vietnam,105
367,Niznekamsk,Russian Federation,80
368,Novi Sad,Yugoslavia,108
369,Novotšerkassk,Russian Federation,80
370,Nuku´alofa,Tonga,95
371,Nuuk,Greenland,40
372,Nyeri,Kenya,52
374,Ogbomosho,Nigeria,69
375,Okara,Pakistan,72
376,Okayama,Japan,50
377,Okinawa,Japan,50
378,Olomouc,Czech Republic,26
379,Omdurman,Sudan,89
380,Omiya,Japan,50
381,Ondo,Nigeria,69
382,Onomichi,Japan,50
383,Oshawa,Canada,20
384,Osmaniye,Turkey,97
385,Šostka,Ukraine,100
386,Otsu,Japan,50
387,Oulu,Finland,33
388,Ourense (Orense),Spain,87
389,Owo,Nigeria,69
390,Oyo,Nigeria,69
391,Ozamis,Philippines,75
392,Paarl,South Africa,85
393,Pachuca de Soto,Mexico,60
394,Pak Kret,Thailand,94
395,Palghat (Palakkad),India,44
396,Pangkal Pinang,Indonesia,45
397,Papeete,French Polynesia,36
398,Parbhani,India,44
399,Pathankot,India,44
400,Patiala,India,44
401,Patras,Greece,39
402,Pavlodar,Kazakstan,51
403,Pemalang,Indonesia,45
404,Peoria,United States,103
405,Pereira,Colombia,24
406,Phnom Penh,Cambodia,18
407,Pingxiang,China,23
408,Pjatigorsk,Russian Federation,80
409,Plock,Poland,76
410,Poá,Brazil,15
411,Ponce,Puerto Rico,77
412,Pontianak,Indonesia,45
413,Poços de Caldas,Brazil,15
414,Portoviejo,Ecuador,28
415,Probolinggo,Indonesia,45
416,Pudukkottai,India,44
417,Pune,India,44
418,Purnea (Purnia),India,44
419,Purwakarta,Indonesia,45
420,Pyongyang,North Korea,70
421,Qalyub,Egypt,29
422,Qinhuangdao,China,23
423,Qomsheh,Iran,46
424,Quilmes,Argentina,6
425,Rae Bareli,India,44
426,Rajkot,India,44
427,Rampur,India,44
428,Rancagua,Chile,22
429,Ranchi,India,44
430,Richmond Hill,Canada,20
431,Rio Claro,Brazil,15
432,Rizhao,China,23
433,Roanoke,United States,103
434,Ríobamba,Ecuador,28
435,Rockford,United States,103
436,Ruse,Bulgaria,17
437,Rustenburg,South Africa,85
438,´s-Hertogenbosch,Netherlands,67
439,Saarbrücken,Germany,38
440,Sagamihara,Japan,50
441,Saint Louis,United States,103
442,Saint-Denis,Réunion,79
443,Salé,Morocco,62
444,Salala,Oman,71
445,Salamanca,Mexico,60
446,Salinas,United States,103
447,Salzburg,Austria,9
448,Sambhal,India,44
449,San Bernardino,United States,103
450,San Felipe de Puerto Plata,Dominican Republic,27
451,San Felipe del Progreso,Mexico,60
452,San Juan Bautista Tuxtepec,Mexico,60
453,San Lorenzo,Paraguay,73
454,San Miguel de Tucumán,Argentina,6
455,Sanaa,Yemen,107
456,Santa Bárbara d´Oeste,Brazil,15
457,Santa Fé,Argentina,6
458,Santa Rosa,Philippines,75
459,Santiago de Compostela,Spain,87
460,Santiago de los Caballeros,Dominican Republic,27
461,Santo André,Brazil,15
462,Sanya,China,23
463,Sasebo,Japan,50
464,Satna,India,44
465,Sawhaj,Egypt,29
466,Serpuhov,Russian Federation,80
467,Shahr-e Kord,Iran,46
468,Shanwei,China,23
469,Shaoguan,China,23
470,Sharja,United Arab Emirates,101
471,Shenzhen,China,23
472,Shikarpur,Pakistan,72
473,Shimoga,India,44
474,Shimonoseki,Japan,50
475,Shivapuri,India,44
476,Shubra al-Khayma,Egypt,29
477,Siegen,Germany,38
478,Siliguri (Shiliguri),India,44
479,Simferopol,Ukraine,100
480,Sincelejo,Colombia,24
481,Sirjan,Iran,46
482,Sivas,Turkey,97
483,Skikda,Algeria,2
484,Smolensk,Russian Federation,80
485,São Bernardo do Campo,Brazil,15
486,São Leopoldo,Brazil,15
487,Sogamoso,Colombia,24
488,Sokoto,Nigeria,69
489,Songkhla,Thailand,94
490,Sorocaba,Brazil,15
491,Soshanguve,South Africa,85
492,Sousse,Tunisia,96
493,South Hill,Anguilla,5
494,Southampton,United Kingdom,102
495,Southend-on-Sea,United Kingdom,102
496,Southport,United Kingdom,102
497,Springs,South Africa,85
498,Stara Zagora,Bulgaria,17
499,Sterling Heights,United States,103
500,Stockport,United Kingdom,102
501,Sucre,Bolivia,14
502,Suihua,China,23
503,Sullana,Peru,74
504,Sultanbeyli,Turkey,97
505,Sumqayit,Azerbaijan,10
506,Sumy,Ukraine,100
507,Sungai Petani,Malaysia,59
508,Sunnyvale,United States,103
509,Surakarta,Indonesia,45
510,Syktyvkar,Russian Federation,80
511,Syrakusa,Italy,49
512,Székesfehérvár,Hungary,43
513,Tabora,Tanzania,93
514,Tabriz,Iran,46
515,Tabuk,Saudi Arabia,82
516,Tafuna,American Samoa,3
517,Taguig,Philippines,75
518,Taizz,Yemen,107
519,Talavera,Philippines,75
520,Tallahassee,United States,103
521,Tama,Japan,50
522,Tambaram,India,44
523,Tanauan,Philippines,75
524,Tandil,Argentina,6
525,Tangail,Bangladesh,12
526,Tanshui,Taiwan,92
527,Tanza,Philippines,75
528,Tarlac,Philippines,75
529,Tarsus,Turkey,97
530,Tartu,Estonia,30
531,Tšeboksary,Russian Federation,80
532,Tegal,Indonesia,45
533,Tel Aviv-Jaffa,Israel,48
534,Tete,Mozambique,63
535,Tianjin,China,23
536,Tiefa,China,23
537,Tieli,China,23
538,Tokat,Turkey,97
539,Tonghae,South Korea,86
540,Tongliao,China,23
541,Torreón,Mexico,60
542,Touliu,Taiwan,92
543,Toulon,France,34
544,Toulouse,France,34
545,Tórshavn,Faroe Islands,32
546,Tsaotun,Taiwan,92
547,Tsuyama,Japan,50
548,Tuguegarao,Philippines,75
549,Tychy,Poland,76
550,Udaipur,India,44
551,Udine,Italy,49
552,Ueda,Japan,50
553,Uijongbu,South Korea,86
554,Uluberia,India,44
555,Urawa,Japan,50
556,Uruapan,Mexico,60
557,Usak,Turkey,97
558,Usolje-Sibirskoje,Russian Federation,80
559,Uttarpara-Kotrung,India,44
560,Vaduz,Liechtenstein,55
561,Valencia,Venezuela,104
562,Valle de la Pascua,Venezuela,104
563,Valle de Santiago,Mexico,60
564,Valparai,India,44
565,Vancouver,Canada,20
566,Varanasi (Benares),India,44
567,Vicente López,Argentina,6
568,Vijayawada,India,44
569,Vila Velha,Brazil,15
570,Vilnius,Lithuania,56
571,Vinh,Vietnam,105
572,Vitória de Santo Antão,Brazil,15
573,Warren,United States,103
574,Weifang,China,23
575,Witten,Germany,38
576,Woodridge,Australia,8
577,Wroclaw,Poland,76
578,Xi´angfan,China,23
579,Xi´angtan,China,23
580,Xintai,China,23
581,Xinxiang,China,23
582,Yamuna Nagar,India,44
583,Yangor,Nauru,65
584,Yantai,China,23
585,Yaoundé,Cameroon,19
586,Yerevan,Armenia,7
587,Yinchuan,China,23
588,Yingkou,China,23
589,York,United Kingdom,102
590,Yuncheng,China,23
591,Yuzhou,China,23
592,Zalantun,China,23
593,Zanzibar,Tanzania,93
594,Zaoyang,China,23
595,Zapopan,Mexico,60
596,Zaria,Nigeria,69
597,Zeleznogorsk,Russian Federation,80
598,Zhezqazghan,Kazakstan,51
599,Zhoushan,China,23
600,Ziguinchor,Senegal,83
