indirizzo_id,indirizzo2,indirizzo,attivo,negozio_id,distretto,email,telefono,cognome,città_id,nome,data_creazione,codice_postale,cliente_id
5,,1913 Hanoi Way,1,1,Nagasaki,MARY.SMITH@sakilacustomer.org,28303384290,SMITH,463,MARY,2006-02-14 22:04:36,35200,1
6,,1121 Loja Avenue,1,1,California,PATRICIA.JOHNSON@sakilacustomer.org,838635286649,JOHNSON,449,PATRICIA,2006-02-14 22:04:36,17886,2
7,,692 Joliet Street,1,1,Attika,LINDA.WILLIAMS@sakilacustomer.org,448477190408,WILLIAMS,38,LINDA,2006-02-14 22:04:36,83579,3
8,,1566 Inegöl Manor,1,2,Mandalay,BARBARA.JONES@sakilacustomer.org,705814003527,JONES,349,BARBARA,2006-02-14 22:04:36,53561,4
9,,53 Idfu Parkway,1,1,Nantou,ELIZABETH.BROWN@sakilacustomer.org,10655648674,BROWN,361,ELIZABETH,2006-02-14 22:04:36,42399,5
10,,1795 Santiago de Compostela Way,1,2,Texas,JENNIFER.DAVIS@sakilacustomer.org,860452626434,DAVIS,295,JENNIFER,2006-02-14 22:04:36,18743,6
11,,900 Santiago de Compostela Parkway,1,1,Central Serbia,MARIA.MILLER@sakilacustomer.org,716571220373,MILLER,280,MARIA,2006-02-14 22:04:36,93896,7
12,,478 Joliet Way,1,2,Hamilton,SUSAN.WILSON@sakilacustomer.org,657282285970,WILSON,200,SUSAN,2006-02-14 22:04:36,77948,8
13,,613 Korolev Drive,1,2,Masqat,MARGARET.MOORE@sakilacustomer.org,380657522649,MOORE,329,MARGARET,2006-02-14 22:04:36,45844,9
14,,1531 Salé Drive,1,1,Esfahan,DOROTHY.TAYLOR@sakilacustomer.org,648856936185,TAYLOR,162,DOROTHY,2006-02-14 22:04:36,53628,10
15,,1542 Tarlac Parkway,1,2,Kanagawa,LISA.ANDERSON@sakilacustomer.org,635297277345,ANDERSON,440,LISA,2006-02-14 22:04:36,1027,11
16,,808 Bhopal Manor,1,1,Haryana,NANCY.THOMAS@sakilacustomer.org,465887807014,THOMAS,582,NANCY,2006-02-14 22:04:36,10672,12
17,,270 Amroha Parkway,1,2,Osmaniye,KAREN.JACKSON@sakilacustomer.org,695479687538,JACKSON,384,KAREN,2006-02-14 22:04:36,29610,13
18,,770 Bydgoszcz Avenue,1,2,California,BETTY.WHITE@sakilacustomer.org,517338314235,WHITE,120,BETTY,2006-02-14 22:04:36,16266,14
19,,419 Iligan Lane,1,1,Madhya Pradesh,HELEN.HARRIS@sakilacustomer.org,990911107354,HARRIS,76,HELEN,2006-02-14 22:04:36,72878,15
20,,360 Toulouse Parkway,0,2,England,SANDRA.MARTIN@sakilacustomer.org,949312333307,MARTIN,495,SANDRA,2006-02-14 22:04:36,54308,16
21,,270 Toulon Boulevard,1,1,Kalmykia,DONNA.THOMPSON@sakilacustomer.org,407752414682,THOMPSON,156,DONNA,2006-02-14 22:04:36,81766,17
22,,320 Brest Avenue,1,2,Kaduna,CAROL.GARCIA@sakilacustomer.org,747791594069,GARCIA,252,CAROL,2006-02-14 22:04:36,43331,18
23,,1417 Lancaster Avenue,1,1,Northern Cape,RUTH.MARTINEZ@sakilacustomer.org,272572357893,MARTINEZ,267,RUTH,2006-02-14 22:04:36,72192,19
24,,1688 Okara Way,1,2,Nothwest Border Prov,SHARON.ROBINSON@sakilacustomer.org,144453869132,ROBINSON,327,SHARON,2006-02-14 22:04:36,21954,20
25,,262 A Coruña (La Coruña) Parkway,1,1,Dhaka,MICHELLE.CLARK@sakilacustomer.org,892775750063,CLARK,525,MICHELLE,2006-02-14 22:04:36,34418,21
26,,28 Charlotte Amalie Street,1,1,Rabat-Sal-Zammour-Z,LAURA.RODRIGUEZ@sakilacustomer.org,161968374323,RODRIGUEZ,443,LAURA,2006-02-14 22:04:36,37551,22
27,,1780 Hino Boulevard,1,2,Liepaja,SARAH.LEWIS@sakilacustomer.org,902731229323,LEWIS,303,SARAH,2006-02-14 22:04:36,7716,23
28,,96 Tafuna Way,1,2,Córdoba,KIMBERLY.LEE@sakilacustomer.org,934730187245,LEE,128,KIMBERLY,2006-02-14 22:04:36,99865,24
29,,934 San Felipe de Puerto Plata Street,1,1,Sind,DEBORAH.WALKER@sakilacustomer.org,196495945706,WALKER,472,DEBORAH,2006-02-14 22:04:36,99780,25
30,,18 Duisburg Boulevard,1,2,,JESSICA.HALL@sakilacustomer.org,998009777982,HALL,121,JESSICA,2006-02-14 22:04:36,58327,26
31,,217 Botshabelo Place,1,2,Southern Mindanao,SHIRLEY.ALLEN@sakilacustomer.org,665356572025,ALLEN,138,SHIRLEY,2006-02-14 22:04:36,49521,27
32,,1425 Shikarpur Manor,1,1,Bihar,CYNTHIA.YOUNG@sakilacustomer.org,678220867005,YOUNG,346,CYNTHIA,2006-02-14 22:04:36,65599,28
33,,786 Aurora Avenue,1,2,Yamaguchi,ANGELA.HERNANDEZ@sakilacustomer.org,18461860151,HERNANDEZ,474,ANGELA,2006-02-14 22:04:36,65750,29
34,,1668 Anápolis Street,1,1,Taipei,MELISSA.KING@sakilacustomer.org,525255540978,KING,316,MELISSA,2006-02-14 22:04:36,50199,30
35,,33 Gorontalo Way,1,2,West Bengali,BRENDA.WRIGHT@sakilacustomer.org,745994947458,WRIGHT,257,BRENDA,2006-02-14 22:04:36,30348,31
36,,176 Mandaluyong Place,1,1,Uttar Pradesh,AMY.LOPEZ@sakilacustomer.org,627705991774,LOPEZ,239,AMY,2006-02-14 22:04:36,65213,32
37,,127 Purnea (Purnia) Manor,1,2,Piemonte,ANNA.HILL@sakilacustomer.org,911872220378,HILL,17,ANNA,2006-02-14 22:04:36,79388,33
38,,61 Tama Street,1,2,Okayama,REBECCA.SCOTT@sakilacustomer.org,708403338270,SCOTT,284,REBECCA,2006-02-14 22:04:36,94065,34
39,,391 Callao Drive,1,2,Midi-Pyrnes,VIRGINIA.GREEN@sakilacustomer.org,440512153169,GREEN,544,VIRGINIA,2006-02-14 22:04:36,34021,35
40,,334 Munger (Monghyr) Lane,1,2,Markazi,KATHLEEN.ADAMS@sakilacustomer.org,481183273622,ADAMS,31,KATHLEEN,2006-02-14 22:04:36,38145,36
41,,1440 Fukuyama Loop,1,1,Henan,PAMELA.BAKER@sakilacustomer.org,912257250465,BAKER,362,PAMELA,2006-02-14 22:04:36,47929,37
42,,269 Cam Ranh Parkway,1,1,Chisinau,MARTHA.GONZALEZ@sakilacustomer.org,489783829737,GONZALEZ,115,MARTHA,2006-02-14 22:04:36,34689,38
43,,306 Antofagasta Place,1,1,Esprito Santo,DEBRA.NELSON@sakilacustomer.org,378318851631,NELSON,569,DEBRA,2006-02-14 22:04:36,3989,39
44,,671 Graz Street,1,2,Oriental,AMANDA.CARTER@sakilacustomer.org,680768868518,CARTER,353,AMANDA,2006-02-14 22:04:36,94399,40
45,,42 Brindisi Place,1,1,Yerevan,STEPHANIE.MITCHELL@sakilacustomer.org,42384721397,MITCHELL,586,STEPHANIE,2006-02-14 22:04:36,16744,41
46,,1632 Bislig Avenue,1,2,Nonthaburi,CAROLYN.PEREZ@sakilacustomer.org,471675840679,PEREZ,394,CAROLYN,2006-02-14 22:04:36,61117,42
47,,1447 Imus Way,1,2,Tahiti,CHRISTINE.ROBERTS@sakilacustomer.org,539758313890,ROBERTS,167,CHRISTINE,2006-02-14 22:04:36,48942,43
48,,1998 Halifax Drive,1,1,Lipetsk,MARIE.TURNER@sakilacustomer.org,177727722820,TURNER,308,MARIE,2006-02-14 22:04:36,76022,44
49,,1718 Valencia Street,1,1,Antofagasta,JANET.PHILLIPS@sakilacustomer.org,675292816413,PHILLIPS,27,JANET,2006-02-14 22:04:36,37359,45
50,,46 Pjatigorsk Lane,1,2,Moscow (City),CATHERINE.CAMPBELL@sakilacustomer.org,262076994845,CAMPBELL,343,CATHERINE,2006-02-14 22:04:36,23616,46
51,,686 Garland Manor,1,1,Cear,FRANCES.PARKER@sakilacustomer.org,69493378813,PARKER,247,FRANCES,2006-02-14 22:04:36,52535,47
52,,909 Garland Manor,1,1,Tatarstan,ANN.EVANS@sakilacustomer.org,705800322606,EVANS,367,ANN,2006-02-14 22:04:36,69367,48
53,,725 Isesaki Place,1,2,Mekka,JOYCE.EDWARDS@sakilacustomer.org,876295323994,EDWARDS,237,JOYCE,2006-02-14 22:04:36,74428,49
54,,115 Hidalgo Parkway,1,1,Khartum,DIANE.COLLINS@sakilacustomer.org,307703950263,COLLINS,379,DIANE,2006-02-14 22:04:36,80168,50
55,,1135 Izumisano Parkway,1,1,California,ALICE.STEWART@sakilacustomer.org,171822533480,STEWART,171,ALICE,2006-02-14 22:04:36,48150,51
56,,939 Probolinggo Loop,1,1,Galicia,JULIE.SANCHEZ@sakilacustomer.org,680428310138,SANCHEZ,1,JULIE,2006-02-14 22:04:36,4166,52
57,,17 Kabul Boulevard,1,1,Chiba,HEATHER.MORRIS@sakilacustomer.org,697760867968,MORRIS,355,HEATHER,2006-02-14 22:04:36,38594,53
58,,1964 Allappuzha (Alleppey) Street,1,1,Yamaguchi,TERESA.ROGERS@sakilacustomer.org,920811325222,ROGERS,227,TERESA,2006-02-14 22:04:36,48980,54
59,,1697 Kowloon and New Kowloon Loop,1,2,Moskova,DORIS.REED@sakilacustomer.org,499352017190,REED,49,DORIS,2006-02-14 22:04:36,57807,55
60,,1668 Saint Louis Place,1,1,Tahiti,GLORIA.COOK@sakilacustomer.org,347487831378,COOK,397,GLORIA,2006-02-14 22:04:36,39072,56
61,,943 Tokat Street,1,2,Vaduz,EVELYN.MORGAN@sakilacustomer.org,889318963672,MORGAN,560,EVELYN,2006-02-14 22:04:36,45428,57
62,,1114 Liepaja Street,1,1,Sarawak,JEAN.BELL@sakilacustomer.org,212869228936,BELL,282,JEAN,2006-02-14 22:04:36,69226,58
63,,1213 Ranchi Parkway,1,1,Karnataka,CHERYL.MURPHY@sakilacustomer.org,800024380485,MURPHY,350,CHERYL,2006-02-14 22:04:36,94352,59
64,,81 Hodeida Way,1,1,Rajasthan,MILDRED.BAILEY@sakilacustomer.org,250767749542,BAILEY,231,MILDRED,2006-02-14 22:04:36,55561,60
65,,915 Ponce Place,1,2,Basel-Stadt,KATHERINE.RIVERA@sakilacustomer.org,1395251317,RIVERA,56,KATHERINE,2006-02-14 22:04:36,83980,61
66,,1717 Guadalajara Lane,1,1,Missouri,JOAN.COOPER@sakilacustomer.org,914090181665,COOPER,441,JOAN,2006-02-14 22:04:36,85505,62
67,,1214 Hanoi Way,1,1,Nebraska,ASHLEY.RICHARDSON@sakilacustomer.org,491001136577,RICHARDSON,306,ASHLEY,2006-02-14 22:04:36,67055,63
68,,1966 Amroha Avenue,0,2,Sichuan,JUDITH.COX@sakilacustomer.org,333489324603,COX,139,JUDITH,2006-02-14 22:04:36,70385,64
69,,698 Otsu Street,1,2,Cayenne,ROSE.HOWARD@sakilacustomer.org,409983924481,HOWARD,105,ROSE,2006-02-14 22:04:36,71110,65
70,,1150 Kimchon Manor,1,2,Skne ln,JANICE.WARD@sakilacustomer.org,663449333709,WARD,321,JANICE,2006-02-14 22:04:36,96109,66
71,,1586 Guarujá Place,1,1,Hunan,KELLY.TORRES@sakilacustomer.org,947233365992,TORRES,579,KELLY,2006-02-14 22:04:36,5135,67
72,,57 Arlington Manor,1,1,Madhya Pradesh,NICOLE.PETERSON@sakilacustomer.org,990214419142,PETERSON,475,NICOLE,2006-02-14 22:04:36,48960,68
73,,1031 Daugavpils Parkway,1,2,Béchar,JUDY.GRAY@sakilacustomer.org,107137400143,GRAY,63,JUDY,2006-02-14 22:04:36,59025,69
74,,1124 Buenaventura Drive,1,2,Mekka,CHRISTINA.RAMIREZ@sakilacustomer.org,407733804223,RAMIREZ,13,CHRISTINA,2006-02-14 22:04:36,6856,70
75,,492 Cam Ranh Street,1,1,Eastern Visayas,KATHY.JAMES@sakilacustomer.org,565018274456,JAMES,61,KATHY,2006-02-14 22:04:36,50805,71
76,,89 Allappuzha (Alleppey) Manor,1,2,National Capital Reg,THERESA.WATSON@sakilacustomer.org,255800440636,WATSON,517,THERESA,2006-02-14 22:04:36,75444,72
77,,1947 Poços de Caldas Boulevard,1,2,Chiayi,BEVERLY.BROOKS@sakilacustomer.org,427454485876,BROOKS,114,BEVERLY,2006-02-14 22:04:36,60951,73
78,,1206 Dos Quebradas Place,1,1,São Paulo,DENISE.KELLY@sakilacustomer.org,241832790687,KELLY,431,DENISE,2006-02-14 22:04:36,20207,74
79,,1551 Rampur Lane,1,2,Changhwa,TAMMY.SANDERS@sakilacustomer.org,251164340471,SANDERS,108,TAMMY,2006-02-14 22:04:36,72394,75
80,,602 Paarl Street,1,2,Pavlodar,IRENE.PRICE@sakilacustomer.org,896314772871,PRICE,402,IRENE,2006-02-14 22:04:36,98889,76
81,,1692 Ede Loop,1,2,São Paulo,JANE.BENNETT@sakilacustomer.org,918711376618,BENNETT,30,JANE,2006-02-14 22:04:36,9223,77
82,,936 Salzburg Lane,1,1,Uttar Pradesh,LORI.WOOD@sakilacustomer.org,875756771675,WOOD,425,LORI,2006-02-14 22:04:36,96709,78
83,,586 Tete Way,1,1,Kanagawa,RACHEL.BARNES@sakilacustomer.org,18581624103,BARNES,256,RACHEL,2006-02-14 22:04:36,1079,79
84,,1888 Kabul Drive,1,1,Oyo & Osun,MARILYN.ROSS@sakilacustomer.org,701457319790,ROSS,217,MARILYN,2006-02-14 22:04:36,20936,80
85,,320 Baiyin Parkway,1,1,Mahajanga,ANDREA.HENDERSON@sakilacustomer.org,223664661973,HENDERSON,319,ANDREA,2006-02-14 22:04:36,37307,81
86,,927 Bahía Blanca Parkway,1,1,Krim,KATHRYN.COLEMAN@sakilacustomer.org,821972242086,COLEMAN,479,KATHRYN,2006-02-14 22:04:36,9495,82
87,,929 Tallahassee Loop,1,1,Gauteng,LOUISE.JENKINS@sakilacustomer.org,800716535041,JENKINS,497,LOUISE,2006-02-14 22:04:36,74671,83
88,,125 Città del Vaticano Boulevard,1,2,Puebla,SARA.PERRY@sakilacustomer.org,48417642933,PERRY,40,SARA,2006-02-14 22:04:36,67912,84
89,,1557 Kütahya Boulevard,1,2,England,ANNE.POWELL@sakilacustomer.org,720998247660,POWELL,88,ANNE,2006-02-14 22:04:36,88002,85
90,,870 Ashqelon Loop,1,2,Songkhla,JACQUELINE.LONG@sakilacustomer.org,135117278909,LONG,489,JACQUELINE,2006-02-14 22:04:36,84931,86
91,,1740 Portoviejo Avenue,1,1,Sucre,WANDA.PATTERSON@sakilacustomer.org,198123170793,PATTERSON,480,WANDA,2006-02-14 22:04:36,29932,87
92,,1942 Ciparay Parkway,1,2,Cheju,BONNIE.HUGHES@sakilacustomer.org,978987363654,HUGHES,113,BONNIE,2006-02-14 22:04:36,82624,88
93,,1926 El Alto Avenue,1,1,Buenos Aires,JULIA.FLORES@sakilacustomer.org,846225459260,FLORES,289,JULIA,2006-02-14 22:04:36,75543,89
94,,1952 Chatsworth Drive,1,2,Guangdong,RUBY.WASHINGTON@sakilacustomer.org,991562402283,WASHINGTON,332,RUBY,2006-02-14 22:04:36,25958,90
95,,1370 Le Mans Avenue,1,2,Brunei and Muara,LOIS.BUTLER@sakilacustomer.org,345679835036,BUTLER,53,LOIS,2006-02-14 22:04:36,52163,91
96,,984 Effon-Alaiye Avenue,1,2,Gois,TINA.SIMMONS@sakilacustomer.org,132986892228,SIMMONS,183,TINA,2006-02-14 22:04:36,17119,92
97,,832 Nakhon Sawan Manor,1,1,Inner Mongolia,PHYLLIS.FOSTER@sakilacustomer.org,275595571388,FOSTER,592,PHYLLIS,2006-02-14 22:04:36,49021,93
98,,152 Kitwe Parkway,1,1,Caraga,NORMA.GONZALES@sakilacustomer.org,835433605312,GONZALES,82,NORMA,2006-02-14 22:04:36,53182,94
99,,1697 Tanauan Lane,1,2,Punjab,PAULA.BRYANT@sakilacustomer.org,4764773857,BRYANT,399,PAULA,2006-02-14 22:04:36,22870,95
100,,1308 Arecibo Way,1,1,Georgia,DIANA.ALEXANDER@sakilacustomer.org,6171054059,ALEXANDER,41,DIANA,2006-02-14 22:04:36,30695,96
101,,1599 Plock Drive,1,2,Tete,ANNIE.RUSSELL@sakilacustomer.org,817248913162,RUSSELL,534,ANNIE,2006-02-14 22:04:36,71986,97
102,,669 Firozabad Loop,1,1,Abu Dhabi,LILLIAN.GRIFFIN@sakilacustomer.org,412903167998,GRIFFIN,12,LILLIAN,2006-02-14 22:04:36,92265,98
103,,588 Vila Velha Manor,1,2,Kyongsangbuk,EMILY.DIAZ@sakilacustomer.org,333339908719,DIAZ,268,EMILY,2006-02-14 22:04:36,51540,99
104,,1913 Kamakura Place,1,1,Lipetsk,ROBIN.HAYES@sakilacustomer.org,942570536750,HAYES,238,ROBIN,2006-02-14 22:04:36,97287,100
105,,733 Mandaluyong Place,1,1,Asir,PEGGY.MYERS@sakilacustomer.org,196568435814,MYERS,2,PEGGY,2006-02-14 22:04:36,77459,101
106,,659 Vaduz Drive,1,1,Ha Darom,CRYSTAL.FORD@sakilacustomer.org,709935135487,FORD,34,CRYSTAL,2006-02-14 22:04:36,49708,102
107,,1177 Jelets Way,1,1,Kwara & Kogi,GLADYS.HAMILTON@sakilacustomer.org,484292626944,HAMILTON,220,GLADYS,2006-02-14 22:04:36,3305,103
108,,1386 Yangor Avenue,1,1,Provence-Alpes-Cte,RITA.GRAHAM@sakilacustomer.org,449216226468,GRAHAM,543,RITA,2006-02-14 22:04:36,80720,104
109,,454 Nakhon Sawan Boulevard,1,1,Funafuti,DAWN.SULLIVAN@sakilacustomer.org,963887147572,SULLIVAN,173,DAWN,2006-02-14 22:04:36,76383,105
110,,1867 San Juan Bautista Tuxtepec Avenue,1,1,Ivanovo,CONNIE.WALLACE@sakilacustomer.org,547003310357,WALLACE,225,CONNIE,2006-02-14 22:04:36,78311,106
111,,1532 Dzerzinsk Way,1,1,Buenos Aires,FLORENCE.WOODS@sakilacustomer.org,330838016880,WOODS,334,FLORENCE,2006-02-14 22:04:36,9599,107
112,,1002 Ahmadnagar Manor,1,1,Mxico,TRACY.COLE@sakilacustomer.org,371490777743,COLE,213,TRACY,2006-02-14 22:04:36,93026,108
113,,682 Junan Way,1,2,North West,EDNA.WEST@sakilacustomer.org,622255216127,WEST,273,EDNA,2006-02-14 22:04:36,30418,109
114,,804 Elista Drive,1,2,Hubei,TIFFANY.JORDAN@sakilacustomer.org,379804592943,JORDAN,159,TIFFANY,2006-02-14 22:04:36,61069,110
115,,1378 Alvorada Avenue,1,1,Distrito Federal,CARMEN.OWENS@sakilacustomer.org,272234298332,OWENS,102,CARMEN,2006-02-14 22:04:36,75834,111
116,,793 Cam Ranh Avenue,1,2,California,ROSA.REYNOLDS@sakilacustomer.org,824370924746,REYNOLDS,292,ROSA,2006-02-14 22:04:36,87057,112
117,,1079 Tel Aviv-Jaffa Boulevard,1,2,Sucre,CINDY.FISHER@sakilacustomer.org,358178933857,FISHER,132,CINDY,2006-02-14 22:04:36,10885,113
118,,442 Rae Bareli Place,1,2,Nordrhein-Westfalen,GRACE.ELLIS@sakilacustomer.org,886636413768,ELLIS,148,GRACE,2006-02-14 22:04:36,24321,114
119,,1107 Nakhon Sawan Avenue,1,1,Mxico,WENDY.HARRISON@sakilacustomer.org,867546627903,HARRISON,365,WENDY,2006-02-14 22:04:36,75149,115
120,,544 Malmö Parkway,1,1,Central Java,VICTORIA.GIBSON@sakilacustomer.org,386759646229,GIBSON,403,VICTORIA,2006-02-14 22:04:36,63502,116
121,,1967 Sincelejo Place,1,1,Gujarat,EDITH.MCDONALD@sakilacustomer.org,577812616052,MCDONALD,176,EDITH,2006-02-14 22:04:36,73644,117
122,,333 Goiânia Way,1,1,Texas,KIM.CRUZ@sakilacustomer.org,909029256431,CRUZ,185,KIM,2006-02-14 22:04:36,78625,118
123,,1987 Coacalco de Berriozábal Loop,1,1,al-Qalyubiya,SHERRY.MARSHALL@sakilacustomer.org,787654415858,MARSHALL,476,SHERRY,2006-02-14 22:04:36,96065,119
124,,241 Mosul Lane,1,2,Risaralda,SYLVIA.ORTIZ@sakilacustomer.org,765345144779,ORTIZ,147,SYLVIA,2006-02-14 22:04:36,76157,120
125,,211 Chiayi Drive,1,1,Uttar Pradesh,JOSEPHINE.GOMEZ@sakilacustomer.org,665993880048,GOMEZ,164,JOSEPHINE,2006-02-14 22:04:36,58186,121
126,,1175 Tanauan Way,1,1,Lima,THELMA.MURRAY@sakilacustomer.org,937222955822,MURRAY,305,THELMA,2006-02-14 22:04:36,64615,122
127,,117 Boa Vista Way,1,2,Uttar Pradesh,SHANNON.FREEMAN@sakilacustomer.org,677976133614,FREEMAN,566,SHANNON,2006-02-14 22:04:36,6804,123
128,,848 Tafuna Manor,0,1,Kütahya,SHEILA.WELLS@sakilacustomer.org,614935229095,WELLS,281,SHEILA,2006-02-14 22:04:36,45142,124
129,,569 Baicheng Lane,1,1,Gauteng,ETHEL.WEBB@sakilacustomer.org,490211944645,WEBB,85,ETHEL,2006-02-14 22:04:36,60304,125
130,,1666 Qomsheh Drive,1,1,São Paulo,ELLEN.SIMPSON@sakilacustomer.org,582835362905,SIMPSON,410,ELLEN,2006-02-14 22:04:36,66255,126
131,,801 Hagonoy Drive,1,2,Smolensk,ELAINE.STEVENS@sakilacustomer.org,237426099212,STEVENS,484,ELAINE,2006-02-14 22:04:36,8439,127
132,,1050 Garden Grove Avenue,1,1,Slaskie,MARJORIE.TUCKER@sakilacustomer.org,973047364353,TUCKER,236,MARJORIE,2006-02-14 22:04:36,4999,128
133,,1854 Tieli Street,1,1,Shandong,CARRIE.PORTER@sakilacustomer.org,509492324775,PORTER,302,CARRIE,2006-02-14 22:04:36,15819,129
134,,758 Junan Lane,1,1,Gois,CHARLOTTE.HUNTER@sakilacustomer.org,935448624185,HUNTER,190,CHARLOTTE,2006-02-14 22:04:36,82639,130
135,,1752 São Leopoldo Parkway,1,2,Taka-Karpatia,MONICA.HICKS@sakilacustomer.org,252265130067,HICKS,345,MONICA,2006-02-14 22:04:36,14014,131
136,,898 Belém Manor,1,2,Free State,ESTHER.CRAWFORD@sakilacustomer.org,707169393853,CRAWFORD,87,ESTHER,2006-02-14 22:04:36,49757,132
137,,261 Saint Louis Way,1,1,Coahuila de Zaragoza,PAULINE.HENRY@sakilacustomer.org,321944036800,HENRY,541,PAULINE,2006-02-14 22:04:36,83401,133
138,,765 Southampton Drive,1,1,al-Qalyubiya,EMMA.BOYD@sakilacustomer.org,23712411567,BOYD,421,EMMA,2006-02-14 22:04:36,4285,134
139,,943 Johannesburg Avenue,1,2,Maharashtra,JUANITA.MASON@sakilacustomer.org,90921003005,MASON,417,JUANITA,2006-02-14 22:04:36,5892,135
140,,788 Atšinsk Street,1,2,Karnataka,ANITA.MORALES@sakilacustomer.org,146497509724,MORALES,211,ANITA,2006-02-14 22:04:36,81691,136
141,,1749 Daxian Place,1,2,Gelderland,RHONDA.KENNEDY@sakilacustomer.org,963369996279,KENNEDY,29,RHONDA,2006-02-14 22:04:36,11044,137
142,,1587 Sullana Lane,1,1,Inner Mongolia,HAZEL.WARREN@sakilacustomer.org,468060467018,WARREN,207,HAZEL,2006-02-14 22:04:36,85769,138
143,,1029 Dzerzinsk Manor,1,1,Ynlin,AMBER.DIXON@sakilacustomer.org,33173584456,DIXON,542,AMBER,2006-02-14 22:04:36,57519,139
144,,1666 Beni-Mellal Place,1,1,Tennessee,EVA.RAMOS@sakilacustomer.org,9099941466,RAMOS,123,EVA,2006-02-14 22:04:36,13377,140
145,,928 Jaffna Loop,1,1,Hiroshima,DEBBIE.REYES@sakilacustomer.org,581852137991,REYES,172,DEBBIE,2006-02-14 22:04:36,93762,141
146,,483 Ljubertsy Parkway,1,1,Scotland,APRIL.BURNS@sakilacustomer.org,581174211853,BURNS,149,APRIL,2006-02-14 22:04:36,60562,142
147,,374 Bat Yam Boulevard,1,1,Kilis,LESLIE.GORDON@sakilacustomer.org,923261616249,GORDON,266,LESLIE,2006-02-14 22:04:36,97700,143
148,,1027 Songkhla Manor,1,1,Minsk,CLARA.SHAW@sakilacustomer.org,563660187896,SHAW,340,CLARA,2006-02-14 22:04:36,30861,144
149,,999 Sanaa Loop,1,1,Gauteng,LUCILLE.HOLMES@sakilacustomer.org,918032330119,HOLMES,491,LUCILLE,2006-02-14 22:04:36,3439,145
150,,879 Newcastle Way,1,1,Michigan,JAMIE.RICE@sakilacustomer.org,206841104594,RICE,499,JAMIE,2006-02-14 22:04:36,90732,146
151,,1337 Lincoln Parkway,1,2,Saitama,JOANNE.ROBERTSON@sakilacustomer.org,597815221267,ROBERTSON,555,JOANNE,2006-02-14 22:04:36,99457,147
152,,1952 Pune Lane,1,1,Saint-Denis,ELEANOR.HUNT@sakilacustomer.org,354615066969,HUNT,442,ELEANOR,2006-02-14 22:04:36,92150,148
153,,782 Mosul Street,1,1,Massachusetts,VALERIE.BLACK@sakilacustomer.org,885899703621,BLACK,94,VALERIE,2006-02-14 22:04:36,25545,149
154,,781 Shimonoseki Drive,1,2,Michoacn de Ocampo,DANIELLE.DANIELS@sakilacustomer.org,632316273199,DANIELS,202,DANIELLE,2006-02-14 22:04:36,95444,150
155,,1560 Jelets Boulevard,1,2,Shandong,MEGAN.PALMER@sakilacustomer.org,189446090264,PALMER,291,MEGAN,2006-02-14 22:04:36,77777,151
156,,1963 Moscow Place,1,1,Assam,ALICIA.MILLS@sakilacustomer.org,761379480249,MILLS,354,ALICIA,2006-02-14 22:04:36,64863,152
157,,456 Escobar Way,1,2,Jakarta Raya,SUZANNE.NICHOLS@sakilacustomer.org,719202533520,NICHOLS,232,SUZANNE,2006-02-14 22:04:36,36061,153
158,,798 Cianjur Avenue,1,2,Shanxi,MICHELE.GRANT@sakilacustomer.org,499408708580,GRANT,590,MICHELE,2006-02-14 22:04:36,76990,154
159,,185 Novi Sad Place,1,1,Bern,GAIL.KNIGHT@sakilacustomer.org,904253967161,KNIGHT,72,GAIL,2006-02-14 22:04:36,41778,155
160,,1367 Yantai Manor,1,1,Ondo & Ekiti,BERTHA.FERGUSON@sakilacustomer.org,889538496300,FERGUSON,381,BERTHA,2006-02-14 22:04:36,21294,156
161,,1386 Nakhon Sawan Boulevard,1,2,Pyongyang-si,DARLENE.ROSE@sakilacustomer.org,368899174225,ROSE,420,DARLENE,2006-02-14 22:04:36,53502,157
162,,369 Papeete Way,1,1,North Carolina,VERONICA.STONE@sakilacustomer.org,170117068815,STONE,187,VERONICA,2006-02-14 22:04:36,66639,158
163,,1440 Compton Place,1,1,North Austria,JILL.HAWKINS@sakilacustomer.org,931059836497,HAWKINS,307,JILL,2006-02-14 22:04:36,81037,159
164,,1623 Bahía Blanca Manor,1,2,Moskova,ERIN.DUNN@sakilacustomer.org,149981248346,DUNN,310,ERIN,2006-02-14 22:04:36,81511,160
165,,97 Shimoga Avenue,1,1,Tel Aviv,GERALDINE.PERKINS@sakilacustomer.org,177167004331,PERKINS,533,GERALDINE,2006-02-14 22:04:36,44660,161
166,,1740 Le Mans Loop,1,2,Pays de la Loire,LAUREN.HUDSON@sakilacustomer.org,168476538960,HUDSON,297,LAUREN,2006-02-14 22:04:36,22853,162
167,,1287 Xi´angfan Boulevard,1,1,Gifu,CATHY.SPENCER@sakilacustomer.org,819416131190,SPENCER,253,CATHY,2006-02-14 22:04:36,57844,163
168,,842 Salzburg Lane,1,2,Adana,JOANN.GARDNER@sakilacustomer.org,697151428760,GARDNER,529,JOANN,2006-02-14 22:04:36,3313,164
169,,154 Tallahassee Loop,1,2,Xinxiang,LORRAINE.STEPHENS@sakilacustomer.org,935508855935,STEPHENS,199,LORRAINE,2006-02-14 22:04:36,62250,165
170,,710 San Felipe del Progreso Avenue,1,1,Lilongwe,LYNN.PAYNE@sakilacustomer.org,843801144113,PAYNE,304,LYNN,2006-02-14 22:04:36,76901,166
171,,1540 Wroclaw Drive,1,2,Maharashtra,SALLY.PIERCE@sakilacustomer.org,182363341674,PIERCE,107,SALLY,2006-02-14 22:04:36,62686,167
172,,475 Atšinsk Way,1,1,Gansu,REGINA.BERRY@sakilacustomer.org,201705577290,BERRY,240,REGINA,2006-02-14 22:04:36,59571,168
173,,1294 Firozabad Drive,0,2,Ji´angxi,ERICA.MATTHEWS@sakilacustomer.org,161801569569,MATTHEWS,407,ERICA,2006-02-14 22:04:36,70618,169
174,,1877 Ezhou Lane,1,1,Rajasthan,BEATRICE.ARNOLD@sakilacustomer.org,264541743403,ARNOLD,550,BEATRICE,2006-02-14 22:04:36,63337,170
175,,316 Uruapan Street,1,2,Perak,DOLORES.WAGNER@sakilacustomer.org,275788967899,WAGNER,223,DOLORES,2006-02-14 22:04:36,58194,171
176,,29 Pyongyang Loop,1,1,Batman,BERNICE.WILLIS@sakilacustomer.org,734780743462,WILLIS,58,BERNICE,2006-02-14 22:04:36,47753,172
177,,1010 Klerksdorp Way,1,1,Steiermark,AUDREY.RAY@sakilacustomer.org,493008546874,RAY,186,AUDREY,2006-02-14 22:04:36,6802,173
178,,1848 Salala Boulevard,1,2,Miranda,YVONNE.WATKINS@sakilacustomer.org,48265851133,WATKINS,373,YVONNE,2006-02-14 22:04:36,25220,174
179,,431 Xi´angtan Avenue,1,1,Kerala,ANNETTE.OLSON@sakilacustomer.org,230250973122,OLSON,18,ANNETTE,2006-02-14 22:04:36,4854,175
180,,757 Rustenburg Avenue,1,1,Skikda,JUNE.CARROLL@sakilacustomer.org,506134035434,CARROLL,483,JUNE,2006-02-14 22:04:36,89668,176
181,,146 Johannesburg Way,1,2,Tamaulipas,SAMANTHA.DUNCAN@sakilacustomer.org,953689007081,DUNCAN,330,SAMANTHA,2006-02-14 22:04:36,54132,177
182,,1891 Rizhao Boulevard,1,2,São Paulo,MARION.SNYDER@sakilacustomer.org,391065549876,SNYDER,456,MARION,2006-02-14 22:04:36,47288,178
183,,1089 Iwatsuki Avenue,1,1,Kirov,DANA.HART@sakilacustomer.org,866092335135,HART,270,DANA,2006-02-14 22:04:36,35109,179
184,,1410 Benin City Parkway,1,2,Risaralda,STACY.CUNNINGHAM@sakilacustomer.org,104150372603,CUNNINGHAM,405,STACY,2006-02-14 22:04:36,29747,180
185,,682 Garden Grove Place,1,2,Tennessee,ANA.BRADLEY@sakilacustomer.org,72136330362,BRADLEY,333,ANA,2006-02-14 22:04:36,67497,181
186,,533 al-Ayn Boulevard,1,1,California,RENEE.LANE@sakilacustomer.org,662227486184,LANE,126,RENEE,2006-02-14 22:04:36,8862,182
187,,1839 Székesfehérvár Parkway,1,2,Gois,IDA.ANDREWS@sakilacustomer.org,947468818183,ANDREWS,317,IDA,2006-02-14 22:04:36,55709,183
188,,741 Ambattur Manor,1,1,Noord-Brabant,VIVIAN.RUIZ@sakilacustomer.org,302590383819,RUIZ,438,VIVIAN,2006-02-14 22:04:36,43310,184
189,,927 Barcelona Street,1,1,Chaharmahal va Bakht,ROBERTA.HARPER@sakilacustomer.org,951486492670,HARPER,467,ROBERTA,2006-02-14 22:04:36,65121,185
190,,435 0 Way,1,2,West Bengali,HOLLY.FOX@sakilacustomer.org,760171523969,FOX,195,HOLLY,2006-02-14 22:04:36,74750,186
191,,140 Chiayi Parkway,1,2,Sumy,BRITTANY.RILEY@sakilacustomer.org,855863906434,RILEY,506,BRITTANY,2006-02-14 22:04:36,38982,187
192,,1166 Changhwa Street,1,1,Caraga,MELANIE.ARMSTRONG@sakilacustomer.org,650752094490,ARMSTRONG,62,MELANIE,2006-02-14 22:04:36,58852,188
193,,891 Novi Sad Manor,1,1,Ontario,LORETTA.CARPENTER@sakilacustomer.org,247646995453,CARPENTER,383,LORETTA,2006-02-14 22:04:36,5379,189
194,,605 Rio Claro Parkway,1,2,Tabora,YOLANDA.WEAVER@sakilacustomer.org,352469351088,WEAVER,513,YOLANDA,2006-02-14 22:04:36,49348,190
195,,1077 San Felipe de Puerto Plata Place,1,1,Rostov-na-Donu,JEANETTE.GREENE@sakilacustomer.org,812824036424,GREENE,369,JEANETTE,2006-02-14 22:04:36,65387,191
196,,9 San Miguel de Tucumán Manor,1,1,Uttar Pradesh,LAURIE.LAWRENCE@sakilacustomer.org,956188728558,LAWRENCE,169,LAURIE,2006-02-14 22:04:36,90845,192
197,,447 Surakarta Loop,1,2,Nyanza,KATIE.ELLIOTT@sakilacustomer.org,940830176580,ELLIOTT,271,KATIE,2006-02-14 22:04:36,10428,193
198,,345 Oshawa Boulevard,1,2,Tokyo-to,KRISTEN.CHAVEZ@sakilacustomer.org,104491201771,CHAVEZ,204,KRISTEN,2006-02-14 22:04:36,32114,194
199,,1792 Valle de la Pascua Place,1,1,Nordrhein-Westfalen,VANESSA.SIMS@sakilacustomer.org,419419591240,SIMS,477,VANESSA,2006-02-14 22:04:36,15540,195
200,,1074 Binzhou Manor,1,1,Baden-Wrttemberg,ALMA.AUSTIN@sakilacustomer.org,331132568928,AUSTIN,325,ALMA,2006-02-14 22:04:36,36490,196
201,,817 Bradford Loop,1,2,Ji´angsu,SUE.PETERS@sakilacustomer.org,264286442804,PETERS,109,SUE,2006-02-14 22:04:36,89459,197
202,,955 Bamenda Way,1,2,Ondo & Ekiti,ELSIE.KELLEY@sakilacustomer.org,768481779568,KELLEY,218,ELSIE,2006-02-14 22:04:36,1545,198
203,,1149 A Coruña (La Coruña) Boulevard,1,2,Haiphong,BETH.FRANKLIN@sakilacustomer.org,470884141195,FRANKLIN,194,BETH,2006-02-14 22:04:36,95824,199
204,,387 Mwene-Ditu Drive,1,2,Ahal,JEANNE.LAWSON@sakilacustomer.org,764477681869,LAWSON,35,JEANNE,2006-02-14 22:04:36,8073,200
205,,68 Molodetšno Manor,1,1,Nordrhein-Westfalen,VICKI.FIELDS@sakilacustomer.org,146640639760,FIELDS,575,VICKI,2006-02-14 22:04:36,4662,201
206,,642 Nador Drive,1,2,Maharashtra,CARLA.GUTIERREZ@sakilacustomer.org,369050085652,GUTIERREZ,77,CARLA,2006-02-14 22:04:36,3924,202
207,,1688 Nador Lane,1,1,Sulawesi Utara,TARA.RYAN@sakilacustomer.org,652218196731,RYAN,184,TARA,2006-02-14 22:04:36,61613,203
208,,1215 Pyongyang Parkway,1,1,Usak,ROSEMARY.SCHMIDT@sakilacustomer.org,646237101779,SCHMIDT,557,ROSEMARY,2006-02-14 22:04:36,25238,204
209,,1679 Antofagasta Street,1,2,Alto Paran,EILEEN.CARR@sakilacustomer.org,905903574913,CARR,122,EILEEN,2006-02-14 22:04:36,86599,205
210,,1304 ´s-Hertogenbosch Way,1,1,Santa Catarina,TERRI.VASQUEZ@sakilacustomer.org,90336226227,VASQUEZ,83,TERRI,2006-02-14 22:04:36,10925,206
211,,850 Salala Loop,1,1,Kitaa,GERTRUDE.CASTILLO@sakilacustomer.org,403404780639,CASTILLO,371,GERTRUDE,2006-02-14 22:04:36,10800,207
212,,624 Oshawa Boulevard,1,1,West Bengali,LUCY.WHEELER@sakilacustomer.org,49677664184,WHEELER,51,LUCY,2006-02-14 22:04:36,89959,208
213,,43 Dadu Avenue,1,2,Rajasthan,TONYA.CHAPMAN@sakilacustomer.org,95666951770,CHAPMAN,74,TONYA,2006-02-14 22:04:36,4855,209
214,,751 Lima Loop,1,2,Aden,ELLA.OLIVER@sakilacustomer.org,756460337785,OLIVER,7,ELLA,2006-02-14 22:04:36,99405,210
215,,1333 Haldia Street,1,1,Jilin,STACEY.MONTGOMERY@sakilacustomer.org,408304391718,MONTGOMERY,174,STACEY,2006-02-14 22:04:36,82161,211
217,,1001 Miyakonojo Lane,1,1,Taizz,GINA.WILLIAMSON@sakilacustomer.org,584316724815,WILLIAMSON,518,GINA,2006-02-14 22:04:36,67924,213
218,,226 Brest Manor,1,1,California,KRISTIN.JOHNSTON@sakilacustomer.org,785881412500,JOHNSTON,508,KRISTIN,2006-02-14 22:04:36,2299,214
219,,1229 Valencia Parkway,1,2,Haskovo,JESSIE.BANKS@sakilacustomer.org,352679173732,BANKS,498,JESSIE,2006-02-14 22:04:36,99124,215
220,,1201 Qomsheh Manor,1,1,Gois,NATALIE.MEYER@sakilacustomer.org,873492228462,MEYER,28,NATALIE,2006-02-14 22:04:36,21464,216
221,,866 Shivapuri Manor,1,2,Uttar Pradesh,AGNES.BISHOP@sakilacustomer.org,778502731092,BISHOP,448,AGNES,2006-02-14 22:04:36,22474,217
222,,1168 Najafabad Parkway,1,1,Kabol,VERA.MCCOY@sakilacustomer.org,886649065861,MCCOY,251,VERA,2006-02-14 22:04:36,40301,218
223,,1244 Allappuzha (Alleppey) Place,1,2,Buenos Aires,WILLIE.HOWELL@sakilacustomer.org,991802825778,HOWELL,567,WILLIE,2006-02-14 22:04:36,20657,219
224,,1842 Luziânia Boulevard,1,2,Zanzibar West,CHARLENE.ALVAREZ@sakilacustomer.org,706878974831,ALVAREZ,593,CHARLENE,2006-02-14 22:04:36,94420,220
225,,1926 Gingoog Street,1,1,Sisilia,BESSIE.MORRISON@sakilacustomer.org,469738825391,MORRISON,511,BESSIE,2006-02-14 22:04:36,22824,221
227,,1820 Maringá Parkway,1,1,Punjab,MELINDA.FERNANDEZ@sakilacustomer.org,99760893676,FERNANDEZ,324,MELINDA,2006-02-14 22:04:36,88307,223
228,,60 Poços de Caldas Street,1,2,Rajasthan,PEARL.GARZA@sakilacustomer.org,963063788669,GARZA,243,PEARL,2006-02-14 22:04:36,82338,224
229,,1014 Loja Manor,1,1,Tamil Nadu,ARLENE.HARVEY@sakilacustomer.org,460795526514,HARVEY,22,ARLENE,2006-02-14 22:04:36,66851,225
230,,201 Effon-Alaiye Way,1,2,Asunción,MAUREEN.LITTLE@sakilacustomer.org,684192903087,LITTLE,37,MAUREEN,2006-02-14 22:04:36,64344,226
231,,430 Alessandria Loop,1,1,Saarland,COLLEEN.BURTON@sakilacustomer.org,669828224459,BURTON,439,COLLEEN,2006-02-14 22:04:36,47446,227
232,,754 Valencia Place,1,2,Phnom Penh,ALLISON.STANLEY@sakilacustomer.org,594319417514,STANLEY,406,ALLISON,2006-02-14 22:04:36,87911,228
233,,356 Olomouc Manor,1,1,Gois,TAMARA.NGUYEN@sakilacustomer.org,22326410776,NGUYEN,26,TAMARA,2006-02-14 22:04:36,93323,229
234,,1256 Bislig Boulevard,1,2,Botosani,JOY.GEORGE@sakilacustomer.org,479007229460,GEORGE,86,JOY,2006-02-14 22:04:36,50598,230
235,,954 Kimchon Place,1,1,West Bengali,GEORGIA.JACOBS@sakilacustomer.org,541327526474,JACOBS,559,GEORGIA,2006-02-14 22:04:36,42420,231
236,,885 Yingkou Manor,1,2,Kaduna,CONSTANCE.REID@sakilacustomer.org,588964509072,REID,596,CONSTANCE,2006-02-14 22:04:36,31390,232
237,,1736 Cavite Place,1,2,Qina,LILLIE.KIM@sakilacustomer.org,431770603551,KIM,216,LILLIE,2006-02-14 22:04:36,98775,233
238,,346 Skikda Parkway,1,1,Hawalli,CLAUDIA.FULLER@sakilacustomer.org,630424482919,FULLER,233,CLAUDIA,2006-02-14 22:04:36,90628,234
239,,98 Stara Zagora Boulevard,1,1,Valle,JACKIE.LYNCH@sakilacustomer.org,610173756082,LYNCH,96,JACKIE,2006-02-14 22:04:36,76448,235
240,,1479 Rustenburg Boulevard,1,1,Southern Tagalog,MARCIA.DEAN@sakilacustomer.org,727785483194,DEAN,527,MARCIA,2006-02-14 22:04:36,18727,236
241,,647 A Coruña (La Coruña) Street,1,1,Chollanam,TANYA.GILBERT@sakilacustomer.org,792557457753,GILBERT,357,TANYA,2006-02-14 22:04:36,36971,237
242,,1964 Gijón Manor,1,1,Karnataka,NELLIE.GARRETT@sakilacustomer.org,918119601885,GARRETT,473,NELLIE,2006-02-14 22:04:36,14408,238
243,,47 Syktyvkar Lane,1,2,West Java,MINNIE.ROMERO@sakilacustomer.org,63937119031,ROMERO,118,MINNIE,2006-02-14 22:04:36,22236,239
244,,1148 Saarbrücken Parkway,1,1,Fukushima,MARLENE.WELCH@sakilacustomer.org,137773001988,WELCH,226,MARLENE,2006-02-14 22:04:36,1921,240
245,,1103 Bilbays Parkway,0,2,Hubei,HEIDI.LARSON@sakilacustomer.org,279979529227,LARSON,578,HEIDI,2006-02-14 22:04:36,87660,241
246,,1246 Boksburg Parkway,1,1,Hebei,GLENDA.FRAZIER@sakilacustomer.org,890283544295,FRAZIER,422,GLENDA,2006-02-14 22:04:36,28349,242
247,,1483 Pathankot Street,1,1,Tucumn,LYDIA.BURKE@sakilacustomer.org,686015532180,BURKE,454,LYDIA,2006-02-14 22:04:36,37288,243
248,,582 Papeete Loop,1,2,Central Visayas,VIOLA.HANSON@sakilacustomer.org,569868543137,HANSON,294,VIOLA,2006-02-14 22:04:36,27722,244
249,,300 Junan Street,1,1,Kyonggi,COURTNEY.DAY@sakilacustomer.org,890289150158,DAY,553,COURTNEY,2006-02-14 22:04:36,81314,245
250,,829 Grand Prairie Way,1,1,Paraná,MARIAN.MENDOZA@sakilacustomer.org,741070712873,MENDOZA,328,MARIAN,2006-02-14 22:04:36,6461,246
251,,1473 Changhwa Parkway,1,1,Mxico,STELLA.MORENO@sakilacustomer.org,266798132374,MORENO,124,STELLA,2006-02-14 22:04:36,75933,247
252,,1309 Weifang Street,1,1,Florida,CAROLINE.BOWMAN@sakilacustomer.org,435785045362,BOWMAN,520,CAROLINE,2006-02-14 22:04:36,57338,248
253,,1760 Oshawa Manor,1,2,Tianjin,DORA.MEDINA@sakilacustomer.org,56257502250,MEDINA,535,DORA,2006-02-14 22:04:36,38140,249
254,,786 Stara Zagora Way,1,2,Oyo & Osun,JO.FOWLER@sakilacustomer.org,716256596301,FOWLER,390,JO,2006-02-14 22:04:36,98332,250
255,,1966 Tonghae Street,1,2,Anhalt Sachsen,VICKIE.BREWER@sakilacustomer.org,567359279425,BREWER,198,VICKIE,2006-02-14 22:04:36,36481,251
256,,1497 Yuzhou Drive,1,2,England,MATTIE.HOFFMAN@sakilacustomer.org,246810237916,HOFFMAN,312,MATTIE,2006-02-14 22:04:36,3433,252
258,,752 Ondo Loop,1,1,Miyazaki,TERRY.CARLSON@sakilacustomer.org,134673576619,CARLSON,338,TERRY,2006-02-14 22:04:36,32474,253
259,,1338 Zalantun Lane,1,2,Minas Gerais,MAXINE.SILVA@sakilacustomer.org,840522972766,SILVA,413,MAXINE,2006-02-14 22:04:36,45403,254
260,,127 Iwakuni Boulevard,1,2,Central Luzon,IRMA.PEARSON@sakilacustomer.org,987442542471,PEARSON,192,IRMA,2006-02-14 22:04:36,20777,255
261,,51 Laredo Avenue,1,2,Sagaing,MABEL.HOLLAND@sakilacustomer.org,884536620568,HOLLAND,342,MABEL,2006-02-14 22:04:36,68146,256
262,,771 Yaoundé Manor,1,2,Sofala,MARSHA.DOUGLAS@sakilacustomer.org,245477603573,DOUGLAS,64,MARSHA,2006-02-14 22:04:36,86768,257
263,,532 Toulon Street,1,1,Santiago,MYRTLE.FLEMING@sakilacustomer.org,46871694740,FLEMING,460,MYRTLE,2006-02-14 22:04:36,69517,258
264,,1027 Banjul Place,1,2,West Bengali,LENA.JENSEN@sakilacustomer.org,538241037443,JENSEN,197,LENA,2006-02-14 22:04:36,50390,259
265,,1158 Mandi Bahauddin Parkway,1,1,Shanxi,CHRISTY.VARGAS@sakilacustomer.org,276555730211,VARGAS,136,CHRISTY,2006-02-14 22:04:36,98484,260
266,,862 Xintai Lane,1,1,Cagayan Valley,DEANNA.BYRD@sakilacustomer.org,265153400632,BYRD,548,DEANNA,2006-02-14 22:04:36,30065,261
267,,816 Cayenne Parkway,1,2,Manab,PATSY.DAVIDSON@sakilacustomer.org,282874611748,DAVIDSON,414,PATSY,2006-02-14 22:04:36,93629,262
268,,1831 Nam Dinh Loop,1,1,National Capital Reg,HILDA.HOPKINS@sakilacustomer.org,322888976727,HOPKINS,323,HILDA,2006-02-14 22:04:36,51990,263
269,,446 Kirovo-Tšepetsk Lane,1,1,Osaka,GWENDOLYN.MAY@sakilacustomer.org,303967439816,MAY,203,GWENDOLYN,2006-02-14 22:04:36,19428,264
270,,682 Halisahar Place,1,2,Severn Morava,JENNIE.TERRY@sakilacustomer.org,475553436330,TERRY,378,JENNIE,2006-02-14 22:04:36,20536,265
271,,1587 Loja Manor,1,2,Salzburg,NORA.HERRERA@sakilacustomer.org,621625204422,HERRERA,447,NORA,2006-02-14 22:04:36,5410,266
272,,1762 Paarl Parkway,1,1,Hunan,MARGIE.WADE@sakilacustomer.org,192459639410,WADE,298,MARGIE,2006-02-14 22:04:36,53928,267
273,,1519 Ilorin Place,1,1,Kerala,NINA.SOTO@sakilacustomer.org,357445645426,SOTO,395,NINA,2006-02-14 22:04:36,49298,268
274,,920 Kumbakonam Loop,1,1,California,CASSANDRA.WALTERS@sakilacustomer.org,685010736240,WALTERS,446,CASSANDRA,2006-02-14 22:04:36,75090,269
275,,906 Goiânia Way,1,1,Wielkopolskie,LEAH.CURTIS@sakilacustomer.org,701767622697,CURTIS,255,LEAH,2006-02-14 22:04:36,83565,270
276,,1675 Xi´angfan Manor,0,1,Tamil Nadu,PENNY.NEAL@sakilacustomer.org,271149517630,NEAL,283,PENNY,2006-02-14 22:04:36,11763,271
277,,85 San Felipe de Puerto Plata Drive,1,1,Shandong,KAY.CALDWELL@sakilacustomer.org,170739645687,CALDWELL,584,KAY,2006-02-14 22:04:37,46063,272
278,,144 South Hill Loop,1,2,Guanajuato,PRISCILLA.LOWE@sakilacustomer.org,45387294817,LOWE,445,PRISCILLA,2006-02-14 22:04:37,2012,273
279,,1884 Shikarpur Avenue,1,1,Haryana,NAOMI.JENNINGS@sakilacustomer.org,959949395183,JENNINGS,263,NAOMI,2006-02-14 22:04:37,85548,274
280,,1980 Kamjanets-Podilskyi Street,1,2,Illinois,CAROLE.BARNETT@sakilacustomer.org,874337098891,BARNETT,404,CAROLE,2006-02-14 22:04:37,89502,275
281,,1944 Bamenda Way,1,1,Michigan,BRANDY.GRAVES@sakilacustomer.org,75975221996,GRAVES,573,BRANDY,2006-02-14 22:04:37,24645,276
282,,556 Baybay Manor,1,2,Oyo & Osun,OLGA.JIMENEZ@sakilacustomer.org,363982224739,JIMENEZ,374,OLGA,2006-02-14 22:04:37,55802,277
283,,457 Tongliao Loop,1,2,Bursa,BILLIE.HORTON@sakilacustomer.org,880756161823,HORTON,222,BILLIE,2006-02-14 22:04:37,56254,278
284,,600 Bradford Street,1,2,East Azerbaidzan,DIANNE.SHELTON@sakilacustomer.org,117592274996,SHELTON,514,DIANNE,2006-02-14 22:04:37,96204,279
285,,1006 Santa Bárbara d´Oeste Manor,1,2,Ondo & Ekiti,TRACEY.BARRETT@sakilacustomer.org,85059738746,BARRETT,389,TRACEY,2006-02-14 22:04:37,36229,280
287,,1405 Chisinau Place,1,2,Ponce,JENNY.CASTRO@sakilacustomer.org,62781725285,CASTRO,411,JENNY,2006-02-14 22:04:37,8160,282
288,,226 Halifax Street,1,1,Xinxiang,FELICIA.SUTTON@sakilacustomer.org,790651020929,SUTTON,277,FELICIA,2006-02-14 22:04:37,58492,283
289,,1279 Udine Parkway,1,1,Edo & Delta,SONIA.GREGORY@sakilacustomer.org,195003555232,GREGORY,69,SONIA,2006-02-14 22:04:37,75860,284
290,,1336 Benin City Drive,1,1,Shiga,MIRIAM.MCKINNEY@sakilacustomer.org,341242939532,MCKINNEY,386,MIRIAM,2006-02-14 22:04:37,46044,285
291,,1155 Liaocheng Place,1,1,Oyo & Osun,VELMA.LUCAS@sakilacustomer.org,558236142492,LUCAS,152,VELMA,2006-02-14 22:04:37,22650,286
292,,1993 Tabuk Lane,1,2,Tamil Nadu,BECKY.MILES@sakilacustomer.org,648482415405,MILES,522,BECKY,2006-02-14 22:04:37,64221,287
293,,86 Higashiosaka Lane,1,1,Guanajuato,BOBBIE.CRAIG@sakilacustomer.org,957128697225,CRAIG,563,BOBBIE,2006-02-14 22:04:37,33768,288
294,,1912 Allende Manor,1,1,Kowloon and New Kowl,VIOLET.RODRIQUEZ@sakilacustomer.org,172262454487,RODRIQUEZ,279,VIOLET,2006-02-14 22:04:37,58124,289
295,,544 Tarsus Boulevard,1,1,Gurico,KRISTINA.CHAMBERS@sakilacustomer.org,892523334,CHAMBERS,562,KRISTINA,2006-02-14 22:04:37,53145,290
296,,1936 Cumaná Avenue,1,1,Virginia,TONI.HOLT@sakilacustomer.org,976798660411,HOLT,433,TONI,2006-02-14 22:04:37,61195,291
297,,1192 Tongliao Street,1,2,Sharja,MISTY.LAMBERT@sakilacustomer.org,350970907017,LAMBERT,470,MISTY,2006-02-14 22:04:37,19065,292
298,,44 Najafabad Way,1,2,Baskimaa,MAE.FLETCHER@sakilacustomer.org,96604821070,FLETCHER,146,MAE,2006-02-14 22:04:37,61391,293
299,,32 Pudukkottai Lane,1,2,Ohio,SHELLY.WATTS@sakilacustomer.org,967274728547,WATTS,140,SHELLY,2006-02-14 22:04:37,38834,294
300,,661 Chisinau Lane,1,1,Pietari,DAISY.BATES@sakilacustomer.org,816436065431,BATES,274,DAISY,2006-02-14 22:04:37,8856,295
301,,951 Stara Zagora Manor,1,2,Punjab,RAMONA.HALE@sakilacustomer.org,429925609431,HALE,400,RAMONA,2006-02-14 22:04:37,98573,296
302,,922 Vila Velha Loop,1,1,Maharashtra,SHERRI.RHODES@sakilacustomer.org,510737228015,RHODES,9,SHERRI,2006-02-14 22:04:37,4085,297
303,,898 Jining Lane,1,1,Pohjois-Pohjanmaa,ERIKA.PENA@sakilacustomer.org,161643343536,PENA,387,ERIKA,2006-02-14 22:04:37,40070,298
304,,1635 Kuwana Boulevard,1,2,Hiroshima,JAMES.GANNON@sakilacustomer.org,710603868323,GANNON,205,JAMES,2006-02-14 22:04:37,52137,299
305,,41 El Alto Parkway,1,1,Maharashtra,JOHN.FARNSWORTH@sakilacustomer.org,51917807050,FARNSWORTH,398,JOHN,2006-02-14 22:04:37,56883,300
306,,1883 Maikop Lane,1,2,Kaliningrad,ROBERT.BAUGHMAN@sakilacustomer.org,96110042435,BAUGHMAN,254,ROBERT,2006-02-14 22:04:37,68469,301
307,,1908 Gaziantep Place,1,1,Liaoning,MICHAEL.SILVERMAN@sakilacustomer.org,108053751300,SILVERMAN,536,MICHAEL,2006-02-14 22:04:37,58979,302
308,,687 Alessandria Parkway,1,2,Sanaa,WILLIAM.SATTERFIELD@sakilacustomer.org,407218522294,SATTERFIELD,455,WILLIAM,2006-02-14 22:04:37,57587,303
309,,827 Yuncheng Drive,1,2,Callao,DAVID.ROYAL@sakilacustomer.org,504434452842,ROYAL,99,DAVID,2006-02-14 22:04:37,79047,304
310,,913 Coacalco de Berriozábal Loop,1,1,Texas,RICHARD.MCCRARY@sakilacustomer.org,262088367001,MCCRARY,33,RICHARD,2006-02-14 22:04:37,42141,305
311,,715 São Bernardo do Campo Lane,1,1,Kedah,CHARLES.KOWALSKI@sakilacustomer.org,181179321332,KOWALSKI,507,CHARLES,2006-02-14 22:04:37,84804,306
312,,1354 Siegen Street,1,2,Rio de Janeiro,JOSEPH.JOY@sakilacustomer.org,573441801529,JOY,25,JOSEPH,2006-02-14 22:04:37,80184,307
313,,1191 Sungai Petani Boulevard,1,1,Missouri,THOMAS.GRIGSBY@sakilacustomer.org,983259819766,GRIGSBY,262,THOMAS,2006-02-14 22:04:37,9668,308
314,,1224 Huejutla de Reyes Boulevard,1,1,Lombardia,CHRISTOPHER.GRECO@sakilacustomer.org,806016930576,GRECO,91,CHRISTOPHER,2006-02-14 22:04:37,70923,309
315,,543 Bergamo Avenue,1,2,Minas Gerais,DANIEL.CABRAL@sakilacustomer.org,103602195112,CABRAL,215,DANIEL,2006-02-14 22:04:37,59686,310
316,,746 Joliet Lane,1,2,Kursk,PAUL.TROUT@sakilacustomer.org,688485191923,TROUT,286,PAUL,2006-02-14 22:04:37,94878,311
317,,780 Kimberley Way,1,2,Tabuk,MARK.RINEHART@sakilacustomer.org,824396883951,RINEHART,515,MARK,2006-02-14 22:04:37,17032,312
318,,1774 Yaoundé Place,1,2,Hubei,DONALD.MAHON@sakilacustomer.org,613124286867,MAHON,166,DONALD,2006-02-14 22:04:37,91400,313
319,,1957 Yantai Lane,1,1,São Paulo,GEORGE.LINTON@sakilacustomer.org,704948322302,LINTON,490,GEORGE,2006-02-14 22:04:37,59255,314
320,,1542 Lubumbashi Boulevard,0,2,Tel Aviv,KENNETH.GOODEN@sakilacustomer.org,508800331065,GOODEN,57,KENNETH,2006-02-14 22:04:37,62472,315
321,,651 Pathankot Loop,1,1,Maharashtra,STEVEN.CURLEY@sakilacustomer.org,139378397418,CURLEY,336,STEVEN,2006-02-14 22:04:37,59811,316
322,,1359 Zhoushan Parkway,1,2,Streymoyar,EDWARD.BAUGH@sakilacustomer.org,46568045367,BAUGH,545,EDWARD,2006-02-14 22:04:37,29763,317
323,,1769 Iwaki Lane,1,1,Kujawsko-Pomorskie,BRIAN.WYMAN@sakilacustomer.org,556100547674,WYMAN,97,BRIAN,2006-02-14 22:04:37,25787,318
324,,1145 Vilnius Manor,1,2,Mxico,RONALD.WEINER@sakilacustomer.org,674805712553,WEINER,451,RONALD,2006-02-14 22:04:37,73170,319
325,,1892 Nabereznyje Tšelny Lane,1,2,Tutuila,ANTHONY.SCHWAB@sakilacustomer.org,478229987054,SCHWAB,516,ANTHONY,2006-02-14 22:04:37,28396,320
326,,470 Boksburg Street,1,1,Central,KEVIN.SCHULER@sakilacustomer.org,908029859266,SCHULER,81,KEVIN,2006-02-14 22:04:37,97960,321
327,,1427 A Coruña (La Coruña) Place,1,1,Buenos Aires,JASON.MORRISSEY@sakilacustomer.org,972574862516,MORRISSEY,45,JASON,2006-02-14 22:04:37,85799,322
328,,479 San Felipe del Progreso Avenue,1,2,Morelos,MATTHEW.MAHAN@sakilacustomer.org,869051782691,MAHAN,130,MATTHEW,2006-02-14 22:04:37,54949,323
329,,867 Benin City Avenue,1,2,Henan,GARY.COY@sakilacustomer.org,168884817145,COY,591,GARY,2006-02-14 22:04:37,78543,324
330,,981 Kumbakonam Place,1,1,Distrito Federal,TIMOTHY.BUNN@sakilacustomer.org,829116184079,BUNN,89,TIMOTHY,2006-02-14 22:04:37,87611,325
331,,1016 Iwakuni Street,1,1,St George,JOSE.ANDREW@sakilacustomer.org,961370847344,ANDREW,269,JOSE,2006-02-14 22:04:37,49833,326
332,,663 Bahía Blanca Parkway,1,2,Adana,LARRY.THRASHER@sakilacustomer.org,834418779292,THRASHER,5,LARRY,2006-02-14 22:04:37,33463,327
333,,1860 Taguig Loop,1,2,West Java,JEFFREY.SPEAR@sakilacustomer.org,38158430589,SPEAR,119,JEFFREY,2006-02-14 22:04:37,59550,328
334,,1816 Bydgoszcz Loop,1,2,Dhaka,FRANK.WAGGONER@sakilacustomer.org,965273813662,WAGGONER,234,FRANK,2006-02-14 22:04:37,64308,329
335,,587 Benguela Manor,1,1,Illinois,SCOTT.SHELLEY@sakilacustomer.org,165450987037,SHELLEY,42,SCOTT,2006-02-14 22:04:37,91590,330
336,,430 Kumbakonam Drive,1,1,Santa Fé,ERIC.ROBERT@sakilacustomer.org,105470691550,ROBERT,457,ERIC,2006-02-14 22:04:37,28814,331
337,,1838 Tabriz Lane,1,1,Dhaka,STEPHEN.QUALLS@sakilacustomer.org,38988715447,QUALLS,143,STEPHEN,2006-02-14 22:04:37,1195,332
338,,431 Székesfehérvár Avenue,1,2,Baki,ANDREW.PURDY@sakilacustomer.org,119501405123,PURDY,48,ANDREW,2006-02-14 22:04:37,57828,333
339,,503 Sogamoso Loop,1,2,Sumqayit,RAYMOND.MCWHORTER@sakilacustomer.org,834626715837,MCWHORTER,505,RAYMOND,2006-02-14 22:04:37,49812,334
340,,507 Smolensk Loop,1,1,Sousse,GREGORY.MAULDIN@sakilacustomer.org,80303246192,MAULDIN,492,GREGORY,2006-02-14 22:04:37,22971,335
341,,1920 Weifang Avenue,1,1,Uttar Pradesh,JOSHUA.MARK@sakilacustomer.org,869507847714,MARK,427,JOSHUA,2006-02-14 22:04:37,15643,336
342,,124 al-Manama Way,1,1,Hiroshima,JERRY.JORDON@sakilacustomer.org,647899404952,JORDON,382,JERRY,2006-02-14 22:04:37,52368,337
343,,1443 Mardan Street,1,1,Western Cape,DENNIS.GILMAN@sakilacustomer.org,231383037471,GILMAN,392,DENNIS,2006-02-14 22:04:37,31483,338
344,,1909 Benguela Lane,1,2,Henan,WALTER.PERRYMAN@sakilacustomer.org,624138001031,PERRYMAN,581,WALTER,2006-02-14 22:04:37,19913,339
345,,68 Ponce Parkway,1,1,Hanoi,PATRICK.NEWSOM@sakilacustomer.org,870635127812,NEWSOM,201,PATRICK,2006-02-14 22:04:37,85926,340
346,,1217 Konotop Avenue,1,1,Gelderland,PETER.MENARD@sakilacustomer.org,718917251754,MENARD,151,PETER,2006-02-14 22:04:37,504,341
347,,1293 Nam Dinh Way,1,1,Roraima,HAROLD.MARTINO@sakilacustomer.org,697656479977,MARTINO,84,HAROLD,2006-02-14 22:04:37,71583,342
348,,785 Vaduz Street,1,1,Baja California,DOUGLAS.GRAF@sakilacustomer.org,895616862749,GRAF,335,DOUGLAS,2006-02-14 22:04:37,36170,343
349,,1516 Escobar Drive,1,1,Tongatapu,HENRY.BILLINGSLEY@sakilacustomer.org,64536069371,BILLINGSLEY,370,HENRY,2006-02-14 22:04:37,46069,344
350,,1628 Nagareyama Lane,1,1,Central,CARL.ARTIS@sakilacustomer.org,20064292617,ARTIS,453,CARL,2006-02-14 22:04:37,60079,345
351,,1157 Nyeri Loop,1,1,Adygea,ARTHUR.SIMPKINS@sakilacustomer.org,262744791493,SIMPKINS,320,ARTHUR,2006-02-14 22:04:37,56380,346
352,,1673 Tangail Drive,1,2,Daugavpils,RYAN.SALISBURY@sakilacustomer.org,627924259271,SALISBURY,137,RYAN,2006-02-14 22:04:37,26857,347
353,,381 Kabul Way,1,2,Taipei,ROGER.QUINTANILLA@sakilacustomer.org,55477302294,QUINTANILLA,209,ROGER,2006-02-14 22:04:37,87272,348
354,,953 Hodeida Street,1,2,Southern Tagalog,JOE.GILLILAND@sakilacustomer.org,53912826864,GILLILAND,221,JOE,2006-02-14 22:04:37,18841,349
355,,469 Nakhon Sawan Street,1,1,Tuvassia,JUAN.FRALEY@sakilacustomer.org,689199636560,FRALEY,531,JUAN,2006-02-14 22:04:37,58866,350
356,,1378 Beira Loop,1,1,Krasnojarsk,JACK.FOUST@sakilacustomer.org,840957664136,FOUST,597,JACK,2006-02-14 22:04:37,40792,351
357,,1641 Changhwa Place,1,1,Nord-Ouest,ALBERT.CROUSE@sakilacustomer.org,256546485220,CROUSE,52,ALBERT,2006-02-14 22:04:37,37636,352
358,,1698 Southport Loop,1,1,Hidalgo,JONATHAN.SCARBOROUGH@sakilacustomer.org,754358349853,SCARBOROUGH,393,JONATHAN,2006-02-14 22:04:37,49009,353
359,,519 Nyeri Manor,1,2,São Paulo,JUSTIN.NGO@sakilacustomer.org,764680915323,NGO,461,JUSTIN,2006-02-14 22:04:37,37650,354
360,,619 Huánuco Avenue,1,2,Shimane,TERRY.GRISSOM@sakilacustomer.org,142596392389,GRISSOM,331,TERRY,2006-02-14 22:04:37,81508,355
361,,45 Aparecida de Goiânia Place,1,2,Madhya Pradesh,GERALD.FULTZ@sakilacustomer.org,650496654258,FULTZ,464,GERALD,2006-02-14 22:04:37,7431,356
362,,482 Kowloon and New Kowloon Manor,1,1,Bratislava,KEITH.RICO@sakilacustomer.org,738968474939,RICO,90,KEITH,2006-02-14 22:04:37,97056,357
363,,604 Bern Place,1,2,Jharkhand,SAMUEL.MARLOW@sakilacustomer.org,620719383725,MARLOW,429,SAMUEL,2006-02-14 22:04:37,5373,358
364,,1623 Kingstown Drive,1,2,Buenos Aires,WILLIE.MARKHAM@sakilacustomer.org,296394569728,MARKHAM,20,WILLIE,2006-02-14 22:04:37,91299,359
365,,1009 Zanzibar Lane,1,2,Arecibo,RALPH.MADRIGAL@sakilacustomer.org,102396298916,MADRIGAL,32,RALPH,2006-02-14 22:04:37,64875,360
366,,114 Jalib al-Shuyukh Manor,1,2,Centre,LAWRENCE.LAWTON@sakilacustomer.org,845378657301,LAWTON,585,LAWRENCE,2006-02-14 22:04:37,60440,361
367,,1163 London Parkway,1,1,Par,NICHOLAS.BARFIELD@sakilacustomer.org,675120358494,BARFIELD,66,NICHOLAS,2006-02-14 22:04:37,6066,362
368,,1658 Jastrzebie-Zdrój Loop,1,2,Central,ROY.WHITING@sakilacustomer.org,568367775448,WHITING,372,ROY,2006-02-14 22:04:37,96584,363
369,,817 Laredo Avenue,1,1,Jalisco,BENJAMIN.VARNEY@sakilacustomer.org,151249681135,VARNEY,188,BENJAMIN,2006-02-14 22:04:37,77449,364
370,,1565 Tangail Manor,1,2,Okinawa,BRUCE.SCHWARZ@sakilacustomer.org,634445428822,SCHWARZ,377,BRUCE,2006-02-14 22:04:37,45750,365
371,,1912 Emeishan Drive,1,1,Balikesir,BRANDON.HUEY@sakilacustomer.org,99883471275,HUEY,50,BRANDON,2006-02-14 22:04:37,33050,366
372,,230 Urawa Drive,1,1,Andhra Pradesh,ADAM.GOOCH@sakilacustomer.org,166898395731,GOOCH,8,ADAM,2006-02-14 22:04:37,2738,367
373,,1922 Miraj Way,0,1,Esfahan,HARRY.ARCE@sakilacustomer.org,320471479776,ARCE,356,HARRY,2006-02-14 22:04:37,13203,368
374,,433 Florencia Street,1,2,Chihuahua,FRED.WHEAT@sakilacustomer.org,561729882725,WHEAT,250,FRED,2006-02-14 22:04:37,91330,369
375,,1049 Matamoros Parkway,1,2,Karnataka,WAYNE.TRUONG@sakilacustomer.org,960505250340,TRUONG,191,WAYNE,2006-02-14 22:04:37,69640,370
376,,1061 Ede Avenue,1,1,Southern Tagalog,BILLY.POULIN@sakilacustomer.org,333390595558,POULIN,98,BILLY,2006-02-14 22:04:37,57810,371
377,,154 Oshawa Manor,1,2,East Java,STEVE.MACKENZIE@sakilacustomer.org,440365973660,MACKENZIE,415,STEVE,2006-02-14 22:04:37,72771,372
378,,1191 Tandil Drive,1,1,Southern Tagalog,LOUIS.LEONE@sakilacustomer.org,45554316010,LEONE,523,LOUIS,2006-02-14 22:04:37,6362,373
379,,1133 Rizhao Avenue,1,2,Pernambuco,JEREMY.HURTADO@sakilacustomer.org,600264533987,HURTADO,572,JEREMY,2006-02-14 22:04:37,2800,374
380,,1519 Santiago de los Caballeros Loop,1,2,East Kasai,AARON.SELBY@sakilacustomer.org,409315295763,SELBY,348,AARON,2006-02-14 22:04:37,22025,375
381,,1618 Olomouc Manor,1,1,Kurgan,RANDY.GAITHER@sakilacustomer.org,96846695220,GAITHER,285,RANDY,2006-02-14 22:04:37,26385,376
382,,220 Hidalgo Drive,1,1,Kermanshah,HOWARD.FORTNER@sakilacustomer.org,342720754566,FORTNER,265,HOWARD,2006-02-14 22:04:37,45298,377
383,,686 Donostia-San Sebastián Lane,1,1,Guangdong,EUGENE.CULPEPPER@sakilacustomer.org,71857599858,CULPEPPER,471,EUGENE,2006-02-14 22:04:37,97390,378
384,,97 Mogiljov Lane,1,1,Gujarat,CARLOS.COUGHLIN@sakilacustomer.org,924815207181,COUGHLIN,73,CARLOS,2006-02-14 22:04:37,89294,379
385,,1642 Charlotte Amalie Drive,1,1,Slaskie,RUSSELL.BRINSON@sakilacustomer.org,821476736117,BRINSON,549,RUSSELL,2006-02-14 22:04:37,75442,380
386,,1368 Maracaíbo Boulevard,1,2,,BOBBY.BOUDREAU@sakilacustomer.org,934352415130,BOUDREAU,493,BOBBY,2006-02-14 22:04:37,32716,381
387,,401 Sucre Boulevard,1,2,New Hampshire,VICTOR.BARKLEY@sakilacustomer.org,486395999608,BARKLEY,322,VICTOR,2006-02-14 22:04:37,25007,382
388,,368 Huánuco Boulevard,1,1,Namibe,MARTIN.BALES@sakilacustomer.org,106439158941,BALES,360,MARTIN,2006-02-14 22:04:37,17165,383
389,,500 Lincoln Parkway,1,2,Ji´angsu,ERNEST.STEPP@sakilacustomer.org,550306965159,STEPP,210,ERNEST,2006-02-14 22:04:37,95509,384
390,,102 Chapra Drive,1,1,Ibaragi,PHILLIP.HOLM@sakilacustomer.org,776031833752,HOLM,521,PHILLIP,2006-02-14 22:04:37,14073,385
391,,1793 Meixian Place,1,1,Hmelnytskyi,TODD.TAN@sakilacustomer.org,619966287415,TAN,258,TODD,2006-02-14 22:04:37,33535,386
392,,514 Ife Way,1,2,Shaba,JESSE.SCHILLING@sakilacustomer.org,900235712074,SCHILLING,315,JESSE,2006-02-14 22:04:37,69973,387
393,,717 Changzhou Lane,1,2,Southern Tagalog,CRAIG.MORRELL@sakilacustomer.org,426255288071,MORRELL,104,CRAIG,2006-02-14 22:04:37,21615,388
394,,753 Ilorin Avenue,1,1,Sichuan,ALAN.KAHN@sakilacustomer.org,464511145118,KAHN,157,ALAN,2006-02-14 22:04:37,3656,389
395,,1337 Mit Ghamr Avenue,1,1,Nakhon Sawan,SHAWN.HEATON@sakilacustomer.org,175283210378,HEATON,358,SHAWN,2006-02-14 22:04:37,29810,390
396,,767 Pyongyang Drive,1,1,Osaka,CLARENCE.GAMEZ@sakilacustomer.org,667736124769,GAMEZ,229,CLARENCE,2006-02-14 22:04:37,83536,391
397,,614 Pak Kret Street,1,2,Addis Abeba,SEAN.DOUGLASS@sakilacustomer.org,47808359842,DOUGLASS,6,SEAN,2006-02-14 22:04:37,27796,392
398,,954 Lapu-Lapu Way,1,1,Moskova,PHILIP.CAUSEY@sakilacustomer.org,737229003916,CAUSEY,278,PHILIP,2006-02-14 22:04:37,8816,393
399,,331 Bydgoszcz Parkway,1,2,Asturia,CHRIS.BROTHERS@sakilacustomer.org,537374465982,BROTHERS,181,CHRIS,2006-02-14 22:04:37,966,394
400,,1152 Citrus Heights Manor,1,2,al-Qadarif,JOHNNY.TURPIN@sakilacustomer.org,765957414528,TURPIN,15,JOHNNY,2006-02-14 22:04:37,5239,395
401,,168 Cianjur Manor,1,1,Saitama,EARL.SHANKS@sakilacustomer.org,679095087143,SHANKS,228,EARL,2006-02-14 22:04:37,73824,396
402,,616 Hagonoy Avenue,1,1,Krasnojarsk,JIMMY.SCHRADER@sakilacustomer.org,604177838256,SCHRADER,39,JIMMY,2006-02-14 22:04:37,46043,397
403,,1190 0 Place,1,1,Rio Grande do Sul,ANTONIO.MEEK@sakilacustomer.org,841876514789,MEEK,44,ANTONIO,2006-02-14 22:04:37,10417,398
404,,734 Béchar Place,1,1,Punjab,DANNY.ISOM@sakilacustomer.org,280578750435,ISOM,375,DANNY,2006-02-14 22:04:37,30586,399
405,,530 Lausanne Lane,1,2,Texas,BRYAN.HARDISON@sakilacustomer.org,775235029633,HARDISON,135,BRYAN,2006-02-14 22:04:37,11067,400
406,,454 Patiala Lane,1,2,Fukushima,TONY.CARRANZA@sakilacustomer.org,794553031307,CARRANZA,276,TONY,2006-02-14 22:04:37,13496,401
407,,1346 Mysore Drive,1,1,Bretagne,LUIS.YANEZ@sakilacustomer.org,516647474029,YANEZ,92,LUIS,2006-02-14 22:04:37,61507,402
408,,990 Etawah Loop,1,1,Tamil Nadu,MIKE.WAY@sakilacustomer.org,206169448769,WAY,564,MIKE,2006-02-14 22:04:37,79940,403
409,,1266 Laredo Parkway,1,2,Saitama,STANLEY.SCROGGINS@sakilacustomer.org,1483365694,SCROGGINS,380,STANLEY,2006-02-14 22:04:37,7664,404
410,,88 Nagaon Manor,1,1,Buenos Aires,LEONARD.SCHOFIELD@sakilacustomer.org,779461480495,SCHOFIELD,524,LEONARD,2006-02-14 22:04:37,86868,405
411,,264 Bhimavaram Manor,0,1,St Thomas,NATHAN.RUNYON@sakilacustomer.org,302526949177,RUNYON,111,NATHAN,2006-02-14 22:04:37,54749,406
412,,1639 Saarbrücken Drive,1,1,North West,DALE.RATCLIFF@sakilacustomer.org,328494873422,RATCLIFF,437,DALE,2006-02-14 22:04:37,9827,407
413,,692 Amroha Drive,1,1,Northern,MANUEL.MURRELL@sakilacustomer.org,359478883004,MURRELL,230,MANUEL,2006-02-14 22:04:37,35575,408
414,,1936 Lapu-Lapu Parkway,1,2,Bauchi & Gombe,RODNEY.MOELLER@sakilacustomer.org,653436985797,MOELLER,141,RODNEY,2006-02-14 22:04:37,7122,409
415,,432 Garden Grove Street,1,2,Ontario,CURTIS.IRBY@sakilacustomer.org,615964523510,IRBY,430,CURTIS,2006-02-14 22:04:37,65630,410
416,,1445 Carmen Parkway,1,1,West Java,NORMAN.CURRIER@sakilacustomer.org,598912394463,CURRIER,117,NORMAN,2006-02-14 22:04:37,70809,411
417,,791 Salinas Street,1,2,Punjab,ALLEN.BUTTERFIELD@sakilacustomer.org,129953030512,BUTTERFIELD,208,ALLEN,2006-02-14 22:04:37,40509,412
418,,126 Acuña Parkway,1,2,West Bengali,MARVIN.YEE@sakilacustomer.org,480039662421,YEE,71,MARVIN,2006-02-14 22:04:37,58888,413
419,,397 Sunnyvale Avenue,1,1,Guanajuato,VINCENT.RALSTON@sakilacustomer.org,680851640676,RALSTON,19,VINCENT,2006-02-14 22:04:37,55566,414
420,,992 Klerksdorp Loop,1,1,Utrecht,GLENN.PULLEN@sakilacustomer.org,855290087237,PULLEN,23,GLENN,2006-02-14 22:04:37,33711,415
421,,966 Arecibo Loop,1,2,Sind,JEFFERY.PINSON@sakilacustomer.org,15273765306,PINSON,134,JEFFERY,2006-02-14 22:04:37,94018,416
422,,289 Santo André Manor,1,1,al-Sharqiya,TRAVIS.ESTEP@sakilacustomer.org,214976066017,ESTEP,16,TRAVIS,2006-02-14 22:04:37,72410,417
423,,437 Chungho Drive,1,2,Puerto Plata,JEFF.EAST@sakilacustomer.org,491271355190,EAST,450,JEFF,2006-02-14 22:04:37,59489,418
424,,1948 Bayugan Parkway,1,1,Bihar,CHAD.CARBONE@sakilacustomer.org,987306329957,CARBONE,264,CHAD,2006-02-14 22:04:37,60622,419
425,,1866 al-Qatif Avenue,1,1,California,JACOB.LANCE@sakilacustomer.org,546793516940,LANCE,155,JACOB,2006-02-14 22:04:37,89420,420
426,,1661 Abha Drive,1,1,Tamil Nadu,LEE.HAWKS@sakilacustomer.org,270456873752,HAWKS,416,LEE,2006-02-14 22:04:37,14400,421
427,,1557 Cape Coral Parkway,1,1,Hubei,MELVIN.ELLINGTON@sakilacustomer.org,368284120423,ELLINGTON,293,MELVIN,2006-02-14 22:04:37,46875,422
428,,1727 Matamoros Place,1,2,Sawhaj,ALFRED.CASILLAS@sakilacustomer.org,129673677866,CASILLAS,465,ALFRED,2006-02-14 22:04:37,78813,423
429,,1269 Botosani Manor,1,2,Guangdong,KYLE.SPURLOCK@sakilacustomer.org,736517327853,SPURLOCK,468,KYLE,2006-02-14 22:04:37,47394,424
430,,355 Vitória de Santo Antão Way,1,2,Oaxaca,FRANCIS.SIKES@sakilacustomer.org,548003849552,SIKES,452,FRANCIS,2006-02-14 22:04:37,81758,425
431,,1596 Acuña Parkway,1,1,Jharkhand,BRADLEY.MOTLEY@sakilacustomer.org,157133457169,MOTLEY,418,BRADLEY,2006-02-14 22:04:37,70425,426
432,,259 Ipoh Drive,1,2,São Paulo,JESUS.MCCARTNEY@sakilacustomer.org,419009857119,MCCARTNEY,189,JESUS,2006-02-14 22:04:37,64964,427
433,,1823 Hoshiarpur Lane,1,2,Komi,HERBERT.KRUGER@sakilacustomer.org,307133768620,KRUGER,510,HERBERT,2006-02-14 22:04:37,33191,428
434,,1404 Taguig Drive,1,2,Okayama,FREDERICK.ISBELL@sakilacustomer.org,572068624538,ISBELL,547,FREDERICK,2006-02-14 22:04:37,87212,429
435,,740 Udaipur Lane,1,1,Nizni Novgorod,RAY.HOULE@sakilacustomer.org,497288595103,HOULE,150,RAY,2006-02-14 22:04:37,33505,430
436,,287 Cuautla Boulevard,1,2,Chuquisaca,JOEL.FRANCISCO@sakilacustomer.org,82619513349,FRANCISCO,501,JOEL,2006-02-14 22:04:37,72736,431
437,,1766 Almirante Brown Street,1,1,KwaZulu-Natal,EDWIN.BURK@sakilacustomer.org,617567598243,BURK,364,EDWIN,2006-02-14 22:04:37,63104,432
438,,596 Huixquilucan Place,1,1,Nampula,DON.BONE@sakilacustomer.org,342709348083,BONE,351,DON,2006-02-14 22:04:37,65892,433
439,,1351 Aparecida de Goiânia Parkway,1,1,Northern Mindanao,EDDIE.TOMLIN@sakilacustomer.org,959834530529,TOMLIN,391,EDDIE,2006-02-14 22:04:37,41775,434
440,,722 Bradford Lane,1,2,Shandong,RICKY.SHELBY@sakilacustomer.org,746251338300,SHELBY,249,RICKY,2006-02-14 22:04:37,90920,435
441,,983 Santa Fé Way,1,1,British Colombia,TROY.QUIGLEY@sakilacustomer.org,145720452260,QUIGLEY,565,TROY,2006-02-14 22:04:37,47472,436
442,,1245 Ibirité Way,1,2,La Romana,RANDALL.NEUMANN@sakilacustomer.org,331888642162,NEUMANN,290,RANDALL,2006-02-14 22:04:37,40926,437
443,,1836 Korla Parkway,1,1,Copperbelt,BARRY.LOVELACE@sakilacustomer.org,689681677428,LOVELACE,272,BARRY,2006-02-14 22:04:37,55405,438
444,,231 Kaliningrad Place,1,2,Lombardia,ALEXANDER.FENNELL@sakilacustomer.org,575081026569,FENNELL,70,ALEXANDER,2006-02-14 22:04:37,57833,439
445,,495 Bhimavaram Lane,1,1,Maharashtra,BERNARD.COLBY@sakilacustomer.org,82088937724,COLBY,144,BERNARD,2006-02-14 22:04:37,3,440
446,,1924 Shimonoseki Drive,1,1,Batna,MARIO.CHEATHAM@sakilacustomer.org,406784385440,CHEATHAM,59,MARIO,2006-02-14 22:04:37,52625,441
447,,105 Dzerzinsk Manor,1,1,Inner Mongolia,LEROY.BUSTAMANTE@sakilacustomer.org,240776414296,BUSTAMANTE,540,LEROY,2006-02-14 22:04:37,48570,442
448,,614 Denizli Parkway,1,2,Rio Grande do Sul,FRANCISCO.SKIDMORE@sakilacustomer.org,876491807547,SKIDMORE,486,FRANCISCO,2006-02-14 22:04:37,29444,443
449,,1289 Belém Boulevard,1,2,Tartumaa,MARCUS.HIDALGO@sakilacustomer.org,237368926031,HIDALGO,530,MARCUS,2006-02-14 22:04:37,88306,444
450,,203 Tambaram Street,1,1,Buenos Aires,MICHEAL.FORMAN@sakilacustomer.org,411549550611,FORMAN,161,MICHEAL,2006-02-14 22:04:37,73942,445
451,,1704 Tambaram Manor,0,2,West Bengali,THEODORE.CULP@sakilacustomer.org,39463554936,CULP,554,THEODORE,2006-02-14 22:04:37,2834,446
452,,207 Cuernavaca Loop,1,1,Tatarstan,CLIFFORD.BOWENS@sakilacustomer.org,782900030287,BOWENS,352,CLIFFORD,2006-02-14 22:04:37,52671,447
453,,319 Springs Loop,1,1,Baijeri,MIGUEL.BETANCOURT@sakilacustomer.org,72524459905,BETANCOURT,160,MIGUEL,2006-02-14 22:04:37,99552,448
454,,956 Nam Dinh Manor,1,2,Kerman,OSCAR.AQUINO@sakilacustomer.org,474047727727,AQUINO,481,OSCAR,2006-02-14 22:04:37,21872,449
455,,1947 Paarl Way,1,1,Central Java,JAY.ROBB@sakilacustomer.org,834061016202,ROBB,509,JAY,2006-02-14 22:04:37,23636,450
456,,814 Simferopol Loop,1,1,Sinaloa,JIM.REA@sakilacustomer.org,524567129902,REA,154,JIM,2006-02-14 22:04:37,48745,451
457,,535 Ahmadnagar Manor,1,1,Abu Dhabi,TOM.MILNER@sakilacustomer.org,985109775584,MILNER,3,TOM,2006-02-14 22:04:37,41136,452
458,,138 Caracas Boulevard,1,1,Zulia,CALVIN.MARTEL@sakilacustomer.org,974433019532,MARTEL,326,CALVIN,2006-02-14 22:04:37,16790,453
459,,251 Florencia Drive,1,2,Michoacn de Ocampo,ALEX.GRESHAM@sakilacustomer.org,118011831565,GRESHAM,556,ALEX,2006-02-14 22:04:37,16119,454
460,,659 Gatineau Boulevard,1,2,La Paz,JON.WILES@sakilacustomer.org,205524798287,WILES,153,JON,2006-02-14 22:04:37,28587,455
461,,1889 Valparai Way,1,2,Ziguinchor,RONNIE.RICKETTS@sakilacustomer.org,670370974122,RICKETTS,600,RONNIE,2006-02-14 22:04:37,75559,456
462,,1485 Bratislava Place,1,2,Illinois,BILL.GAVIN@sakilacustomer.org,924663855568,GAVIN,435,BILL,2006-02-14 22:04:37,83183,457
463,,935 Aden Boulevard,1,1,Central Java,LLOYD.DOWD@sakilacustomer.org,335052544020,DOWD,532,LLOYD,2006-02-14 22:04:37,64709,458
464,,76 Kermanshah Manor,1,1,Esfahan,TOMMY.COLLAZO@sakilacustomer.org,762361821578,COLLAZO,423,TOMMY,2006-02-14 22:04:37,23343,459
465,,734 Tanshui Avenue,1,1,Caquet,LEON.BOSTIC@sakilacustomer.org,366776723320,BOSTIC,170,LEON,2006-02-14 22:04:37,70664,460
466,,118 Jaffna Loop,1,1,Northern Mindanao,DEREK.BLAKELY@sakilacustomer.org,325526730021,BLAKELY,182,DEREK,2006-02-14 22:04:37,10447,461
467,,1621 Tongliao Avenue,1,2,Irkutsk,WARREN.SHERROD@sakilacustomer.org,209342540247,SHERROD,558,WARREN,2006-02-14 22:04:37,22173,462
468,,1844 Usak Avenue,1,2,Nova Scotia,DARRELL.POWER@sakilacustomer.org,164414772677,POWER,196,DARRELL,2006-02-14 22:04:37,84461,463
469,,1872 Toulon Loop,1,1,OHiggins,JEROME.KENYON@sakilacustomer.org,928809465153,KENYON,428,JEROME,2006-02-14 22:04:37,7939,464
470,,1088 Ibirité Place,1,1,Jalisco,FLOYD.GANDY@sakilacustomer.org,49084281333,GANDY,595,FLOYD,2006-02-14 22:04:37,88502,465
471,,1322 Mosul Parkway,1,1,Shandong,LEO.EBERT@sakilacustomer.org,268053970382,EBERT,145,LEO,2006-02-14 22:04:37,95400,466
472,,1447 Chatsworth Place,1,2,Chihuahua,ALVIN.DELOACH@sakilacustomer.org,769370126331,DELOACH,129,ALVIN,2006-02-14 22:04:37,41545,467
473,,1257 Guadalajara Street,1,1,Karnataka,TIM.CARY@sakilacustomer.org,195337700615,CARY,78,TIM,2006-02-14 22:04:37,33599,468
474,,1469 Plock Lane,1,2,Galicia,WESLEY.BULL@sakilacustomer.org,622884741180,BULL,388,WESLEY,2006-02-14 22:04:37,95835,469
475,,434 Ourense (Orense) Manor,1,1,Hodeida,GORDON.ALLARD@sakilacustomer.org,562370137426,ALLARD,206,GORDON,2006-02-14 22:04:37,14122,470
476,,270 Tambaram Parkway,1,1,Gauteng,DEAN.SAUER@sakilacustomer.org,248446668735,SAUER,244,DEAN,2006-02-14 22:04:37,9668,471
477,,1786 Salinas Place,1,1,Nam Ha,GREG.ROBINS@sakilacustomer.org,206060652238,ROBINS,359,GREG,2006-02-14 22:04:37,66546,472
478,,1078 Stara Zagora Drive,1,2,Aceh,JORGE.OLIVARES@sakilacustomer.org,932992626595,OLIVARES,301,JORGE,2006-02-14 22:04:37,69221,473
479,,1854 Okara Boulevard,1,2,Drenthe,DUSTIN.GILLETTE@sakilacustomer.org,131912793873,GILLETTE,158,DUSTIN,2006-02-14 22:04:37,42123,474
480,,421 Yaoundé Street,1,2,Sumy,PEDRO.CHESTNUT@sakilacustomer.org,726875628268,CHESTNUT,385,PEDRO,2006-02-14 22:04:37,11363,475
481,,1153 Allende Way,1,1,Québec,DERRICK.BOURQUE@sakilacustomer.org,856872225376,BOURQUE,179,DERRICK,2006-02-14 22:04:37,20336,476
482,,808 Naçala-Porto Parkway,1,1,England,DAN.PAINE@sakilacustomer.org,553452430707,PAINE,500,DAN,2006-02-14 22:04:37,41060,477
483,,632 Usolje-Sibirskoje Parkway,1,1,Ha Darom,LEWIS.LYMAN@sakilacustomer.org,667648979883,LYMAN,36,LEWIS,2006-02-14 22:04:37,73085,478
484,,98 Pyongyang Boulevard,1,1,Ohio,ZACHARY.HITE@sakilacustomer.org,191958435142,HITE,11,ZACHARY,2006-02-14 22:04:37,88749,479
485,,984 Novotšerkassk Loop,1,1,Gaziantep,COREY.HAUSER@sakilacustomer.org,435118527255,HAUSER,180,COREY,2006-02-14 22:04:37,28165,480
486,,64 Korla Street,1,1,Mwanza,HERMAN.DEVORE@sakilacustomer.org,510383179153,DEVORE,347,HERMAN,2006-02-14 22:04:37,25145,481
487,,1785 São Bernardo do Campo Street,0,1,Veracruz,MAURICE.CRAWLEY@sakilacustomer.org,684529463244,CRAWLEY,125,MAURICE,2006-02-14 22:04:37,71182,482
488,,698 Jelets Boulevard,1,2,Denizli,VERNON.CHAPA@sakilacustomer.org,975185523021,CHAPA,142,VERNON,2006-02-14 22:04:37,2596,483
489,,1297 Alvorada Parkway,1,1,Ningxia,ROBERTO.VU@sakilacustomer.org,508348602835,VU,587,ROBERTO,2006-02-14 22:04:37,11839,484
490,,1909 Dayton Avenue,1,1,Guangdong,CLYDE.TOBIAS@sakilacustomer.org,702955450528,TOBIAS,469,CLYDE,2006-02-14 22:04:37,88513,485
491,,1789 Saint-Denis Parkway,1,1,Coahuila de Zaragoza,GLEN.TALBERT@sakilacustomer.org,936806643983,TALBERT,4,GLEN,2006-02-14 22:04:37,8268,486
492,,185 Mannheim Lane,1,2,Stavropol,HECTOR.POINDEXTER@sakilacustomer.org,589377568313,POINDEXTER,408,HECTOR,2006-02-14 22:04:37,23661,487
493,,184 Mandaluyong Street,1,2,Baja California Sur,SHANE.MILLARD@sakilacustomer.org,488425406814,MILLARD,288,SHANE,2006-02-14 22:04:37,94239,488
494,,591 Sungai Petani Drive,1,1,Okayama,RICARDO.MEADOR@sakilacustomer.org,37247325001,MEADOR,376,RICARDO,2006-02-14 22:04:37,46400,489
495,,656 Matamoros Drive,1,1,Boyac,SAM.MCDUFFIE@sakilacustomer.org,17305839123,MCDUFFIE,487,SAM,2006-02-14 22:04:37,19489,490
496,,775 Šostka Drive,1,2,al-Daqahliya,RICK.MATTOX@sakilacustomer.org,171973024401,MATTOX,337,RICK,2006-02-14 22:04:37,22358,491
497,,1013 Tabuk Boulevard,1,2,West Bengali,LESTER.KRAUS@sakilacustomer.org,158399646978,KRAUS,261,LESTER,2006-02-14 22:04:37,96203,492
498,,319 Plock Parkway,1,1,Istanbul,BRENT.HARKINS@sakilacustomer.org,854259976812,HARKINS,504,BRENT,2006-02-14 22:04:37,26101,493
499,,1954 Kowloon and New Kowloon Way,1,2,Chimborazo,RAMON.CHOATE@sakilacustomer.org,898559280434,CHOATE,434,RAMON,2006-02-14 22:04:37,63667,494
500,,362 Rajkot Lane,1,2,Gansu,CHARLIE.BESS@sakilacustomer.org,962020153680,BESS,47,CHARLIE,2006-02-14 22:04:37,98030,495
501,,1060 Tandil Lane,1,2,Shandong,TYLER.WREN@sakilacustomer.org,211256301880,WREN,432,TYLER,2006-02-14 22:04:37,72349,496
502,,1515 Korla Way,1,2,England,GILBERT.SLEDGE@sakilacustomer.org,959467760895,SLEDGE,589,GILBERT,2006-02-14 22:04:37,57197,497
503,,1416 San Juan Bautista Tuxtepec Avenue,1,1,Zufar,GENE.SANBORN@sakilacustomer.org,144206758053,SANBORN,444,GENE,2006-02-14 22:04:37,50592,498
504,,1 Valle de Santiago Avenue,1,2,Apulia,MARC.OUTLAW@sakilacustomer.org,465897838272,OUTLAW,93,MARC,2006-02-14 22:04:37,86208,499
505,,519 Brescia Parkway,1,1,East Java,REGINALD.KINDER@sakilacustomer.org,793996678771,KINDER,318,REGINALD,2006-02-14 22:04:37,69504,500
506,,414 Mandaluyong Street,1,1,Lubelskie,RUBEN.GEARY@sakilacustomer.org,52709222667,GEARY,314,RUBEN,2006-02-14 22:04:37,16370,501
507,,1197 Sokoto Boulevard,1,1,West Bengali,BRETT.CORNWELL@sakilacustomer.org,868602816371,CORNWELL,478,BRETT,2006-02-14 22:04:37,87687,502
508,,496 Celaya Drive,1,1,Nagano,ANGEL.BARCLAY@sakilacustomer.org,759586584889,BARCLAY,552,ANGEL,2006-02-14 22:04:37,90797,503
509,,786 Matsue Way,1,1,Illinois,NATHANIEL.ADAM@sakilacustomer.org,111177206479,ADAM,245,NATHANIEL,2006-02-14 22:04:37,37469,504
510,,48 Maracaíbo Place,1,1,Central Luzon,RAFAEL.ABNEY@sakilacustomer.org,82671830126,ABNEY,519,RAFAEL,2006-02-14 22:04:37,1570,505
511,,1152 al-Qatif Lane,1,2,Kalimantan Barat,LESLIE.SEWARD@sakilacustomer.org,131370665218,SEWARD,412,LESLIE,2006-02-14 22:04:37,44816,506
512,,1269 Ipoh Avenue,1,2,Eskisehir,EDGAR.RHOADS@sakilacustomer.org,402630109080,RHOADS,163,EDGAR,2006-02-14 22:04:37,54674,507
513,,758 Korolev Parkway,1,2,Andhra Pradesh,MILTON.HOWLAND@sakilacustomer.org,441628280920,HOWLAND,568,MILTON,2006-02-14 22:04:37,75474,508
514,,1747 Rustenburg Place,1,1,Bihar,RAUL.FORTIER@sakilacustomer.org,442673923363,FORTIER,110,RAUL,2006-02-14 22:04:37,51369,509
515,,886 Tonghae Place,0,2,Volgograd,BEN.EASTER@sakilacustomer.org,711928348157,EASTER,259,BEN,2006-02-14 22:04:37,19450,510
516,,1574 Goiânia Boulevard,1,1,Heilongjiang,CHESTER.BENNER@sakilacustomer.org,59634255214,BENNER,502,CHESTER,2006-02-14 22:04:37,39529,511
517,,548 Uruapan Street,1,1,Ontario,CECIL.VINES@sakilacustomer.org,879347453467,VINES,312,CECIL,2006-02-14 22:04:37,35653,512
519,,962 Tama Loop,1,2,,DUANE.TUBBS@sakilacustomer.org,282667506728,TUBBS,583,DUANE,2006-02-14 22:04:37,65952,513
520,,1778 Gijón Manor,1,2,Hubei,FRANKLIN.TROUTMAN@sakilacustomer.org,288910576761,TROUTMAN,594,FRANKLIN,2006-02-14 22:04:37,35156,514
521,,568 Dhule (Dhulia) Loop,1,1,Coquimbo,ANDRE.RAPP@sakilacustomer.org,602101369463,RAPP,127,ANDRE,2006-02-14 22:04:37,92568,515
522,,1768 Udine Loop,1,2,Battambang,ELMER.NOE@sakilacustomer.org,448876499197,NOE,60,ELMER,2006-02-14 22:04:37,32347,516
523,,608 Birgunj Parkway,1,2,Taipei,BRAD.MCCURDY@sakilacustomer.org,627425618482,MCCURDY,116,BRAD,2006-02-14 22:04:37,400,517
524,,680 A Coruña (La Coruña) Manor,1,1,Sivas,GABRIEL.HARDER@sakilacustomer.org,158326114853,HARDER,482,GABRIEL,2006-02-14 22:04:37,49806,518
525,,1949 Sanya Street,1,2,Gumma,RON.DELUCA@sakilacustomer.org,132100972047,DELUCA,224,RON,2006-02-14 22:04:37,61244,519
526,,617 Klerksdorp Place,1,2,Khanh Hoa,MITCHELL.WESTMORELAND@sakilacustomer.org,574973479129,WESTMORELAND,366,MITCHELL,2006-02-14 22:04:37,94707,520
527,,1993 0 Loop,1,2,Liaoning,ROLAND.SOUTH@sakilacustomer.org,25865528181,SOUTH,588,ROLAND,2006-02-14 22:04:37,41214,521
528,,1176 Southend-on-Sea Manor,1,2,Southern Tagalog,ARNOLD.HAVENS@sakilacustomer.org,236679267178,HAVENS,458,ARNOLD,2006-02-14 22:04:37,81651,522
529,,600 Purnea (Purnia) Avenue,1,1,Nghe An,HARVEY.GUAJARDO@sakilacustomer.org,638409958875,GUAJARDO,571,HARVEY,2006-02-14 22:04:37,18043,523
530,,1003 Qinhuangdao Street,1,1,West Java,JARED.ELY@sakilacustomer.org,35533115997,ELY,419,JARED,2006-02-14 22:04:37,25972,524
531,,1986 Sivas Place,1,2,Friuli-Venezia Giuli,ADRIAN.CLARY@sakilacustomer.org,182059202712,CLARY,551,ADRIAN,2006-02-14 22:04:37,95775,525
532,,1427 Tabuk Place,1,2,Florida,KARL.SEAL@sakilacustomer.org,214756839122,SEAL,101,KARL,2006-02-14 22:04:37,31342,526
533,,556 Asunción Way,1,1,Mogiljov,CORY.MEEHAN@sakilacustomer.org,338244023543,MEEHAN,339,CORY,2006-02-14 22:04:37,35364,527
534,,486 Ondo Parkway,1,1,Benguela,CLAUDE.HERZOG@sakilacustomer.org,105882218332,HERZOG,67,CLAUDE,2006-02-14 22:04:37,35202,528
535,,635 Brest Manor,1,2,Andhra Pradesh,ERIK.GUILLEN@sakilacustomer.org,80593242951,GUILLEN,75,ERIK,2006-02-14 22:04:37,40899,529
536,,166 Jinchang Street,1,2,Buenos Aires,DARRYL.ASHCRAFT@sakilacustomer.org,717566026669,ASHCRAFT,165,DARRYL,2006-02-14 22:04:37,86760,530
537,,958 Sagamihara Lane,1,2,Mie,JAMIE.WAUGH@sakilacustomer.org,427274926505,WAUGH,287,JAMIE,2006-02-14 22:04:37,88408,531
538,,1817 Livorno Way,1,2,Khanh Hoa,NEIL.RENNER@sakilacustomer.org,478380208348,RENNER,100,NEIL,2006-02-14 22:04:37,79401,532
539,,1332 Gaziantep Lane,1,1,Shandong,JESSIE.MILAM@sakilacustomer.org,383353187467,MILAM,80,JESSIE,2006-02-14 22:04:37,22813,533
540,,949 Allende Lane,0,1,Uttar Pradesh,CHRISTIAN.JUNG@sakilacustomer.org,122981120653,JUNG,24,CHRISTIAN,2006-02-14 22:04:37,67521,534
541,,195 Ilorin Street,1,1,Chari-Baguirmi,JAVIER.ELROD@sakilacustomer.org,8912935608,ELROD,363,JAVIER,2006-02-14 22:04:37,49250,535
542,,193 Bhusawal Place,1,2,Kang-won,FERNANDO.CHURCHILL@sakilacustomer.org,745267607502,CHURCHILL,539,FERNANDO,2006-02-14 22:04:37,9750,536
543,,43 Vilnius Manor,1,2,Colorado,CLINTON.BUFORD@sakilacustomer.org,484500282381,BUFORD,42,CLINTON,2006-02-14 22:04:37,79814,537
544,,183 Haiphong Street,1,2,Jilin,TED.BREAUX@sakilacustomer.org,488600270038,BREAUX,46,TED,2006-02-14 22:04:37,69953,538
545,,163 Augusta-Richmond County Loop,1,1,Carabobo,MATHEW.BOLIN@sakilacustomer.org,754579047924,BOLIN,561,MATHEW,2006-02-14 22:04:37,33030,539
546,,191 José Azueta Parkway,1,1,Ruse,TYRONE.ASHER@sakilacustomer.org,932156667696,ASHER,436,TYRONE,2006-02-14 22:04:37,13629,540
547,,379 Lublin Parkway,1,2,Toscana,DARREN.WINDHAM@sakilacustomer.org,921960450089,WINDHAM,309,DARREN,2006-02-14 22:04:37,74568,541
548,,1658 Cumaná Loop,1,2,Sumatera Selatan,LONNIE.TIRADO@sakilacustomer.org,784907335610,TIRADO,396,LONNIE,2006-02-14 22:04:37,51309,542
549,,454 Qinhuangdao Drive,1,1,Tadla-Azilal,LANCE.PEMBERTON@sakilacustomer.org,786270036240,PEMBERTON,68,LANCE,2006-02-14 22:04:37,25866,543
550,,1715 Okayama Street,1,2,São Paulo,CODY.NOLEN@sakilacustomer.org,169352919175,NOLEN,485,CODY,2006-02-14 22:04:37,55676,544
551,,182 Nuku´alofa Drive,1,2,Sumy,JULIO.NOLAND@sakilacustomer.org,426346224043,NOLAND,275,JULIO,2006-02-14 22:04:37,15414,545
552,,390 Wroclaw Way,1,1,Hainan,KELLY.KNOTT@sakilacustomer.org,357593328658,KNOTT,462,KELLY,2006-02-14 22:04:37,5753,546
553,,1421 Quilmes Lane,1,1,Ishikawa,KURT.EMMONS@sakilacustomer.org,135407755975,EMMONS,260,KURT,2006-02-14 22:04:37,19151,547
554,,947 Tórshavn Place,1,1,Central Luzon,ALLAN.CORNISH@sakilacustomer.org,50898428626,CORNISH,528,ALLAN,2006-02-14 22:04:37,841,548
555,,1764 Jalib al-Shuyukh Parkway,1,1,Galicia,NELSON.CHRISTENSON@sakilacustomer.org,84794532510,CHRISTENSON,459,NELSON,2006-02-14 22:04:37,77642,549
556,,346 Cam Ranh Avenue,1,2,Zhejiang,GUY.BROWNLEE@sakilacustomer.org,978430786151,BROWNLEE,599,GUY,2006-02-14 22:04:37,39976,550
557,,1407 Pachuca de Soto Place,1,2,Rio Grande do Sul,CLAYTON.BARBEE@sakilacustomer.org,380077794770,BARBEE,21,CLAYTON,2006-02-14 22:04:37,26284,551
558,,904 Clarksville Drive,1,2,Zhejiang,HUGH.WALDROP@sakilacustomer.org,955349440539,WALDROP,193,HUGH,2006-02-14 22:04:37,52234,552
559,,1917 Kumbakonam Parkway,1,1,Vojvodina,MAX.PITT@sakilacustomer.org,698182547686,PITT,368,MAX,2006-02-14 22:04:37,11892,553
560,,1447 Imus Place,1,1,Gujarat,DWAYNE.OLVERA@sakilacustomer.org,62127829280,OLVERA,426,DWAYNE,2006-02-14 22:04:37,12905,554
561,,1497 Fengshan Drive,1,1,KwaZulu-Natal,DWIGHT.LOMBARDI@sakilacustomer.org,368738360376,LOMBARDI,112,DWIGHT,2006-02-14 22:04:37,63022,555
562,,869 Shikarpur Way,1,2,England,ARMANDO.GRUBER@sakilacustomer.org,590764256785,GRUBER,496,ARMANDO,2006-02-14 22:04:37,57380,556
563,,1059 Yuncheng Avenue,1,1,Vilna,FELIX.GAFFNEY@sakilacustomer.org,107092893983,GAFFNEY,570,FELIX,2006-02-14 22:04:37,47498,557
564,,505 Madiun Boulevard,0,1,Dolnoslaskie,JIMMIE.EGGLESTON@sakilacustomer.org,970638808606,EGGLESTON,577,JIMMIE,2006-02-14 22:04:37,97271,558
565,,1741 Hoshiarpur Boulevard,1,2,al-Sharqiya,EVERETT.BANDA@sakilacustomer.org,855066328617,BANDA,79,EVERETT,2006-02-14 22:04:37,22372,559
566,,1229 Varanasi (Benares) Manor,1,1,Buenos Aires,JORDAN.ARCHULETA@sakilacustomer.org,817740355461,ARCHULETA,43,JORDAN,2006-02-14 22:04:37,40195,560
567,,1894 Boa Vista Way,1,2,Texas,IAN.STILL@sakilacustomer.org,239357986667,STILL,178,IAN,2006-02-14 22:04:37,77464,561
568,,1342 Sharja Way,1,1,Sokoto & Kebbi & Zam,WALLACE.SLONE@sakilacustomer.org,946114054231,SLONE,488,WALLACE,2006-02-14 22:04:37,93655,562
569,,1342 Abha Boulevard,1,2,Bukarest,KEN.PREWITT@sakilacustomer.org,997453607116,PREWITT,95,KEN,2006-02-14 22:04:37,10714,563
570,,415 Pune Avenue,1,2,Shandong,BOB.PFEIFFER@sakilacustomer.org,203202500108,PFEIFFER,580,BOB,2006-02-14 22:04:37,44274,564
571,,1746 Faaa Way,1,2,Huánuco,JAIME.NETTLES@sakilacustomer.org,863080561151,NETTLES,214,JAIME,2006-02-14 22:04:37,32515,565
572,,539 Hami Way,1,1,Tokat,CASEY.MENA@sakilacustomer.org,525518075499,MENA,538,CASEY,2006-02-14 22:04:37,52196,566
573,,1407 Surakarta Manor,1,2,Moskova,ALFREDO.MCADAMS@sakilacustomer.org,324346485054,MCADAMS,466,ALFREDO,2006-02-14 22:04:37,33224,567
574,,502 Mandi Bahauddin Parkway,1,2,Anzotegui,ALBERTO.HENNING@sakilacustomer.org,618156722572,HENNING,55,ALBERTO,2006-02-14 22:04:37,15992,568
575,,1052 Pathankot Avenue,1,2,Sichuan,DAVE.GARDINER@sakilacustomer.org,128499386727,GARDINER,299,DAVE,2006-02-14 22:04:37,77397,569
576,,1351 Sousse Lane,1,2,Coahuila de Zaragoza,IVAN.CROMWELL@sakilacustomer.org,203804046132,CROMWELL,341,IVAN,2006-02-14 22:04:37,37815,570
577,,1501 Pangkal Pinang Avenue,1,2,Mazowieckie,JOHNNIE.CHISHOLM@sakilacustomer.org,770864062795,CHISHOLM,409,JOHNNIE,2006-02-14 22:04:37,943,571
578,,1405 Hagonoy Avenue,1,1,Slaskie,SIDNEY.BURLESON@sakilacustomer.org,867287719310,BURLESON,133,SIDNEY,2006-02-14 22:04:37,86587,572
579,,521 San Juan Bautista Tuxtepec Place,1,1,Qaraghandy,BYRON.BOX@sakilacustomer.org,844018348565,BOX,598,BYRON,2006-02-14 22:04:37,95093,573
580,,923 Tangail Boulevard,1,2,Tokyo-to,JULIAN.VEST@sakilacustomer.org,315528269898,VEST,10,JULIAN,2006-02-14 22:04:37,33384,574
581,,186 Skikda Lane,1,2,Morelos,ISAAC.OGLESBY@sakilacustomer.org,14465669789,OGLESBY,131,ISAAC,2006-02-14 22:04:37,89422,575
582,,1568 Celaya Parkway,1,2,Kaohsiung,MORRIS.MCCARTER@sakilacustomer.org,278669994384,MCCARTER,168,MORRIS,2006-02-14 22:04:37,34750,576
583,,1489 Kakamigahara Lane,1,2,Taipei,CLIFTON.MALCOLM@sakilacustomer.org,29341849811,MALCOLM,526,CLIFTON,2006-02-14 22:04:37,98883,577
584,,1819 Alessandria Loop,1,2,Campeche,WILLARD.LUMPKIN@sakilacustomer.org,377633994405,LUMPKIN,103,WILLARD,2006-02-14 22:04:37,53829,578
585,,1208 Tama Loop,1,2,Ninawa,DARYL.LARUE@sakilacustomer.org,954786054144,LARUE,344,DARYL,2006-02-14 22:04:37,73605,579
586,,951 Springs Lane,1,1,Central Mindanao,ROSS.GREY@sakilacustomer.org,165164761435,GREY,219,ROSS,2006-02-14 22:04:37,96115,580
587,,760 Miyakonojo Drive,1,1,Guerrero,VIRGIL.WOFFORD@sakilacustomer.org,294449058179,WOFFORD,246,VIRGIL,2006-02-14 22:04:37,64682,581
588,,966 Asunción Way,1,2,Hidalgo,ANDY.VANHORN@sakilacustomer.org,995527378381,VANHORN,212,ANDY,2006-02-14 22:04:37,62703,582
589,,1584 Ljubertsy Lane,1,1,England,MARSHALL.THORN@sakilacustomer.org,285710089439,THORN,494,MARSHALL,2006-02-14 22:04:37,22954,583
590,,247 Jining Parkway,1,2,Banjul,SALVADOR.TEEL@sakilacustomer.org,170115379190,TEEL,54,SALVADOR,2006-02-14 22:04:37,53446,584
591,,773 Dallas Manor,1,1,Buenos Aires,PERRY.SWAFFORD@sakilacustomer.org,914466027044,SWAFFORD,424,PERRY,2006-02-14 22:04:37,12664,585
592,,1923 Stara Zagora Lane,1,1,Nantou,KIRK.STCLAIR@sakilacustomer.org,182178609211,STCLAIR,546,KIRK,2006-02-14 22:04:37,95179,586
593,,1402 Zanzibar Boulevard,1,1,Guanajuato,SERGIO.STANFIELD@sakilacustomer.org,387448063440,STANFIELD,106,SERGIO,2006-02-14 22:04:37,71102,587
594,,1464 Kursk Parkway,1,1,Shandong,MARION.OCAMPO@sakilacustomer.org,338758048786,OCAMPO,574,MARION,2006-02-14 22:04:37,17381,588
595,,1074 Sanaa Parkway,1,1,Loja,TRACY.HERRMANN@sakilacustomer.org,154124128457,HERRMANN,311,TRACY,2006-02-14 22:04:37,22474,589
596,,1759 Niznekamsk Avenue,1,2,al-Manama,SETH.HANNON@sakilacustomer.org,864392582257,HANNON,14,SETH,2006-02-14 22:04:37,39414,590
597,,32 Liaocheng Way,1,1,Minas Gerais,KENT.ARSENAULT@sakilacustomer.org,410877354933,ARSENAULT,248,KENT,2006-02-14 22:04:37,1944,591
598,,42 Fontana Avenue,0,1,Fejr,TERRANCE.ROUSH@sakilacustomer.org,437829801725,ROUSH,512,TERRANCE,2006-02-14 22:04:37,14684,592
599,,1895 Zhezqazghan Drive,1,2,California,RENE.MCALISTER@sakilacustomer.org,137809746111,MCALISTER,177,RENE,2006-02-14 22:04:37,36693,593
600,,1837 Kaduna Parkway,1,1,Inner Mongolia,EDUARDO.HIATT@sakilacustomer.org,640843562301,HIATT,241,EDUARDO,2006-02-14 22:04:37,82580,594
601,,844 Bucuresti Place,1,1,Liaoning,TERRENCE.GUNDERSON@sakilacustomer.org,935952366111,GUNDERSON,242,TERRENCE,2006-02-14 22:04:37,36603,595
602,,1101 Bucuresti Boulevard,1,1,West Greece,ENRIQUE.FORSYTHE@sakilacustomer.org,199514580428,FORSYTHE,401,ENRIQUE,2006-02-14 22:04:37,97661,596
603,,1103 Quilmes Boulevard,1,1,Piura,FREDDIE.DUGGAN@sakilacustomer.org,644021380889,DUGGAN,503,FREDDIE,2006-02-14 22:04:37,52137,597
604,,1331 Usak Boulevard,1,1,Vaud,WADE.DELVALLE@sakilacustomer.org,145308717464,DELVALLE,296,WADE,2006-02-14 22:04:37,61960,598
605,,1325 Fukuyama Street,1,2,Heilongjiang,AUSTIN.CINTRON@sakilacustomer.org,288241215394,CINTRON,537,AUSTIN,2006-02-14 22:04:37,27107,599
