create_date,store_id,last_name,customer_id,email,address_id,first_name,active
2006-02-14 22:04:36,1,SMITH,1,MARY.SMITH@sakilacustomer.org,5,MARY,1
2006-02-14 22:04:36,1,JOHNSON,2,PATRICIA.JOHNSON@sakilacustomer.org,6,PATRICIA,1
2006-02-14 22:04:36,1,WILLIAMS,3,LINDA.WILLIAMS@sakilacustomer.org,7,LINDA,1
2006-02-14 22:04:36,2,JONES,4,BARBARA.JONES@sakilacustomer.org,8,BARBARA,1
2006-02-14 22:04:36,1,BROWN,5,ELIZABETH.BROWN@sakilacustomer.org,9,ELIZABETH,1
2006-02-14 22:04:36,2,DAVIS,6,JENNIFER.DAVIS@sakilacustomer.org,10,JENNIFER,1
2006-02-14 22:04:36,1,MILLER,7,MARIA.MILLER@sakilacustomer.org,11,MARIA,1
2006-02-14 22:04:36,2,WILSON,8,SUSAN.WILSON@sakilacustomer.org,12,SUSAN,1
2006-02-14 22:04:36,2,MOORE,9,MARGARET.MOORE@sakilacustomer.org,13,MARGARET,1
2006-02-14 22:04:36,1,TAYLOR,10,DOROTHY.TAYLOR@sakilacustomer.org,14,DOROTHY,1
2006-02-14 22:04:36,2,ANDERSON,11,LISA.ANDERSON@sakilacustomer.org,15,LISA,1
2006-02-14 22:04:36,1,THOMAS,12,NANCY.THOMAS@sakilacustomer.org,16,NANCY,1
2006-02-14 22:04:36,2,JACKSON,13,KAREN.JACKSON@sakilacustomer.org,17,KAREN,1
2006-02-14 22:04:36,2,WHITE,14,BETTY.WHITE@sakilacustomer.org,18,BETTY,1
2006-02-14 22:04:36,1,HARRIS,15,HELEN.HARRIS@sakilacustomer.org,19,HELEN,1
2006-02-14 22:04:36,2,MARTIN,16,SANDRA.MARTIN@sakilacustomer.org,20,SANDRA,0
2006-02-14 22:04:36,1,THOMPSON,17,DONNA.THOMPSON@sakilacustomer.org,21,DONNA,1
2006-02-14 22:04:36,2,GARCIA,18,CAROL.GARCIA@sakilacustomer.org,22,CAROL,1
2006-02-14 22:04:36,1,MARTINEZ,19,RUTH.MARTINEZ@sakilacustomer.org,23,RUTH,1
2006-02-14 22:04:36,2,ROBINSON,20,SHARON.ROBINSON@sakilacustomer.org,24,SHARON,1
2006-02-14 22:04:36,1,CLARK,21,MICHELLE.CLARK@sakilacustomer.org,25,MICHELLE,1
2006-02-14 22:04:36,1,RODRIGUEZ,22,LAURA.RODRIGUEZ@sakilacustomer.org,26,LAURA,1
2006-02-14 22:04:36,2,LEWIS,23,SARAH.LEWIS@sakilacustomer.org,27,SARAH,1
2006-02-14 22:04:36,2,LEE,24,KIMBERLY.LEE@sakilacustomer.org,28,KIMBERLY,1
2006-02-14 22:04:36,1,WALKER,25,DEBORAH.WALKER@sakilacustomer.org,29,DEBORAH,1
2006-02-14 22:04:36,2,HALL,26,JESSICA.HALL@sakilacustomer.org,30,JESSICA,1
2006-02-14 22:04:36,2,ALLEN,27,SHIRLEY.ALLEN@sakilacustomer.org,31,SHIRLEY,1
2006-02-14 22:04:36,1,YOUNG,28,CYNTHIA.YOUNG@sakilacustomer.org,32,CYNTHIA,1
2006-02-14 22:04:36,2,HERNANDEZ,29,ANGELA.HERNANDEZ@sakilacustomer.org,33,ANGELA,1
2006-02-14 22:04:36,1,KING,30,MELISSA.KING@sakilacustomer.org,34,MELISSA,1
2006-02-14 22:04:36,2,WRIGHT,31,BRENDA.WRIGHT@sakilacustomer.org,35,BRENDA,1
2006-02-14 22:04:36,1,LOPEZ,32,AMY.LOPEZ@sakilacustomer.org,36,AMY,1
2006-02-14 22:04:36,2,HILL,33,ANNA.HILL@sakilacustomer.org,37,ANNA,1
2006-02-14 22:04:36,2,SCOTT,34,REBECCA.SCOTT@sakilacustomer.org,38,REBECCA,1
2006-02-14 22:04:36,2,GREEN,35,VIRGINIA.GREEN@sakilacustomer.org,39,VIRGINIA,1
2006-02-14 22:04:36,2,ADAMS,36,KATHLEEN.ADAMS@sakilacustomer.org,40,KATHLEEN,1
2006-02-14 22:04:36,1,BAKER,37,PAMELA.BAKER@sakilacustomer.org,41,PAMELA,1
2006-02-14 22:04:36,1,GONZALEZ,38,MARTHA.GONZALEZ@sakilacustomer.org,42,MARTHA,1
2006-02-14 22:04:36,1,NELSON,39,DEBRA.NELSON@sakilacustomer.org,43,DEBRA,1
2006-02-14 22:04:36,2,CARTER,40,AMANDA.CARTER@sakilacustomer.org,44,AMANDA,1
2006-02-14 22:04:36,1,MITCHELL,41,STEPHANIE.MITCHELL@sakilacustomer.org,45,STEPHANIE,1
2006-02-14 22:04:36,2,PEREZ,42,CAROLYN.PEREZ@sakilacustomer.org,46,CAROLYN,1
2006-02-14 22:04:36,2,ROBERTS,43,CHRISTINE.ROBERTS@sakilacustomer.org,47,CHRISTINE,1
2006-02-14 22:04:36,1,TURNER,44,MARIE.TURNER@sakilacustomer.org,48,MARIE,1
2006-02-14 22:04:36,1,PHILLIPS,45,JANET.PHILLIPS@sakilacustomer.org,49,JANET,1
2006-02-14 22:04:36,2,CAMPBELL,46,CATHERINE.CAMPBELL@sakilacustomer.org,50,CATHERINE,1
2006-02-14 22:04:36,1,PARKER,47,FRANCES.PARKER@sakilacustomer.org,51,FRANCES,1
2006-02-14 22:04:36,1,EVANS,48,ANN.EVANS@sakilacustomer.org,52,ANN,1
2006-02-14 22:04:36,2,EDWARDS,49,JOYCE.EDWARDS@sakilacustomer.org,53,JOYCE,1
2006-02-14 22:04:36,1,COLLINS,50,DIANE.COLLINS@sakilacustomer.org,54,DIANE,1
2006-02-14 22:04:36,1,STEWART,51,ALICE.STEWART@sakilacustomer.org,55,ALICE,1
2006-02-14 22:04:36,1,SANCHEZ,52,JULIE.SANCHEZ@sakilacustomer.org,56,JULIE,1
2006-02-14 22:04:36,1,MORRIS,53,HEATHER.MORRIS@sakilacustomer.org,57,HEATHER,1
2006-02-14 22:04:36,1,ROGERS,54,TERESA.ROGERS@sakilacustomer.org,58,TERESA,1
2006-02-14 22:04:36,2,REED,55,DORIS.REED@sakilacustomer.org,59,DORIS,1
2006-02-14 22:04:36,1,COOK,56,GLORIA.COOK@sakilacustomer.org,60,GLORIA,1
2006-02-14 22:04:36,2,MORGAN,57,EVELYN.MORGAN@sakilacustomer.org,61,EVELYN,1
2006-02-14 22:04:36,1,BELL,58,JEAN.BELL@sakilacustomer.org,62,JEAN,1
2006-02-14 22:04:36,1,MURPHY,59,CHERYL.MURPHY@sakilacustomer.org,63,CHERYL,1
2006-02-14 22:04:36,1,BAILEY,60,MILDRED.BAILEY@sakilacustomer.org,64,MILDRED,1
2006-02-14 22:04:36,2,RIVERA,61,KATHERINE.RIVERA@sakilacustomer.org,65,KATHERINE,1
2006-02-14 22:04:36,1,COOPER,62,JOAN.COOPER@sakilacustomer.org,66,JOAN,1
2006-02-14 22:04:36,1,RICHARDSON,63,ASHLEY.RICHARDSON@sakilacustomer.org,67,ASHLEY,1
2006-02-14 22:04:36,2,COX,64,JUDITH.COX@sakilacustomer.org,68,JUDITH,0
2006-02-14 22:04:36,2,HOWARD,65,ROSE.HOWARD@sakilacustomer.org,69,ROSE,1
2006-02-14 22:04:36,2,WARD,66,JANICE.WARD@sakilacustomer.org,70,JANICE,1
2006-02-14 22:04:36,1,TORRES,67,KELLY.TORRES@sakilacustomer.org,71,KELLY,1
2006-02-14 22:04:36,1,PETERSON,68,NICOLE.PETERSON@sakilacustomer.org,72,NICOLE,1
2006-02-14 22:04:36,2,GRAY,69,JUDY.GRAY@sakilacustomer.org,73,JUDY,1
2006-02-14 22:04:36,2,RAMIREZ,70,CHRISTINA.RAMIREZ@sakilacustomer.org,74,CHRISTINA,1
2006-02-14 22:04:36,1,JAMES,71,KATHY.JAMES@sakilacustomer.org,75,KATHY,1
2006-02-14 22:04:36,2,WATSON,72,THERESA.WATSON@sakilacustomer.org,76,THERESA,1
2006-02-14 22:04:36,2,BROOKS,73,BEVERLY.BROOKS@sakilacustomer.org,77,BEVERLY,1
2006-02-14 22:04:36,1,KELLY,74,DENISE.KELLY@sakilacustomer.org,78,DENISE,1
2006-02-14 22:04:36,2,SANDERS,75,TAMMY.SANDERS@sakilacustomer.org,79,TAMMY,1
2006-02-14 22:04:36,2,PRICE,76,IRENE.PRICE@sakilacustomer.org,80,IRENE,1
2006-02-14 22:04:36,2,BENNETT,77,JANE.BENNETT@sakilacustomer.org,81,JANE,1
2006-02-14 22:04:36,1,WOOD,78,LORI.WOOD@sakilacustomer.org,82,LORI,1
2006-02-14 22:04:36,1,BARNES,79,RACHEL.BARNES@sakilacustomer.org,83,RACHEL,1
2006-02-14 22:04:36,1,ROSS,80,MARILYN.ROSS@sakilacustomer.org,84,MARILYN,1
2006-02-14 22:04:36,1,HENDERSON,81,ANDREA.HENDERSON@sakilacustomer.org,85,ANDREA,1
2006-02-14 22:04:36,1,COLEMAN,82,KATHRYN.COLEMAN@sakilacustomer.org,86,KATHRYN,1
2006-02-14 22:04:36,1,JENKINS,83,LOUISE.JENKINS@sakilacustomer.org,87,LOUISE,1
2006-02-14 22:04:36,2,PERRY,84,SARA.PERRY@sakilacustomer.org,88,SARA,1
2006-02-14 22:04:36,2,POWELL,85,ANNE.POWELL@sakilacustomer.org,89,ANNE,1
2006-02-14 22:04:36,2,LONG,86,JACQUELINE.LONG@sakilacustomer.org,90,JACQUELINE,1
2006-02-14 22:04:36,1,PATTERSON,87,WANDA.PATTERSON@sakilacustomer.org,91,WANDA,1
2006-02-14 22:04:36,2,HUGHES,88,BONNIE.HUGHES@sakilacustomer.org,92,BONNIE,1
2006-02-14 22:04:36,1,FLORES,89,JULIA.FLORES@sakilacustomer.org,93,JULIA,1
2006-02-14 22:04:36,2,WASHINGTON,90,RUBY.WASHINGTON@sakilacustomer.org,94,RUBY,1
2006-02-14 22:04:36,2,BUTLER,91,LOIS.BUTLER@sakilacustomer.org,95,LOIS,1
2006-02-14 22:04:36,2,SIMMONS,92,TINA.SIMMONS@sakilacustomer.org,96,TINA,1
2006-02-14 22:04:36,1,FOSTER,93,PHYLLIS.FOSTER@sakilacustomer.org,97,PHYLLIS,1
2006-02-14 22:04:36,1,GONZALES,94,NORMA.GONZALES@sakilacustomer.org,98,NORMA,1
2006-02-14 22:04:36,2,BRYANT,95,PAULA.BRYANT@sakilacustomer.org,99,PAULA,1
2006-02-14 22:04:36,1,ALEXANDER,96,DIANA.ALEXANDER@sakilacustomer.org,100,DIANA,1
2006-02-14 22:04:36,2,RUSSELL,97,ANNIE.RUSSELL@sakilacustomer.org,101,ANNIE,1
2006-02-14 22:04:36,1,GRIFFIN,98,LILLIAN.GRIFFIN@sakilacustomer.org,102,LILLIAN,1
2006-02-14 22:04:36,2,DIAZ,99,EMILY.DIAZ@sakilacustomer.org,103,EMILY,1
2006-02-14 22:04:36,1,HAYES,100,ROBIN.HAYES@sakilacustomer.org,104,ROBIN,1
2006-02-14 22:04:36,1,MYERS,101,PEGGY.MYERS@sakilacustomer.org,105,PEGGY,1
2006-02-14 22:04:36,1,FORD,102,CRYSTAL.FORD@sakilacustomer.org,106,CRYSTAL,1
2006-02-14 22:04:36,1,HAMILTON,103,GLADYS.HAMILTON@sakilacustomer.org,107,GLADYS,1
2006-02-14 22:04:36,1,GRAHAM,104,RITA.GRAHAM@sakilacustomer.org,108,RITA,1
2006-02-14 22:04:36,1,SULLIVAN,105,DAWN.SULLIVAN@sakilacustomer.org,109,DAWN,1
2006-02-14 22:04:36,1,WALLACE,106,CONNIE.WALLACE@sakilacustomer.org,110,CONNIE,1
2006-02-14 22:04:36,1,WOODS,107,FLORENCE.WOODS@sakilacustomer.org,111,FLORENCE,1
2006-02-14 22:04:36,1,COLE,108,TRACY.COLE@sakilacustomer.org,112,TRACY,1
2006-02-14 22:04:36,2,WEST,109,EDNA.WEST@sakilacustomer.org,113,EDNA,1
2006-02-14 22:04:36,2,JORDAN,110,TIFFANY.JORDAN@sakilacustomer.org,114,TIFFANY,1
2006-02-14 22:04:36,1,OWENS,111,CARMEN.OWENS@sakilacustomer.org,115,CARMEN,1
2006-02-14 22:04:36,2,REYNOLDS,112,ROSA.REYNOLDS@sakilacustomer.org,116,ROSA,1
2006-02-14 22:04:36,2,FISHER,113,CINDY.FISHER@sakilacustomer.org,117,CINDY,1
2006-02-14 22:04:36,2,ELLIS,114,GRACE.ELLIS@sakilacustomer.org,118,GRACE,1
2006-02-14 22:04:36,1,HARRISON,115,WENDY.HARRISON@sakilacustomer.org,119,WENDY,1
2006-02-14 22:04:36,1,GIBSON,116,VICTORIA.GIBSON@sakilacustomer.org,120,VICTORIA,1
2006-02-14 22:04:36,1,MCDONALD,117,EDITH.MCDONALD@sakilacustomer.org,121,EDITH,1
2006-02-14 22:04:36,1,CRUZ,118,KIM.CRUZ@sakilacustomer.org,122,KIM,1
2006-02-14 22:04:36,1,MARSHALL,119,SHERRY.MARSHALL@sakilacustomer.org,123,SHERRY,1
2006-02-14 22:04:36,2,ORTIZ,120,SYLVIA.ORTIZ@sakilacustomer.org,124,SYLVIA,1
2006-02-14 22:04:36,1,GOMEZ,121,JOSEPHINE.GOMEZ@sakilacustomer.org,125,JOSEPHINE,1
2006-02-14 22:04:36,1,MURRAY,122,THELMA.MURRAY@sakilacustomer.org,126,THELMA,1
2006-02-14 22:04:36,2,FREEMAN,123,SHANNON.FREEMAN@sakilacustomer.org,127,SHANNON,1
2006-02-14 22:04:36,1,WELLS,124,SHEILA.WELLS@sakilacustomer.org,128,SHEILA,0
2006-02-14 22:04:36,1,WEBB,125,ETHEL.WEBB@sakilacustomer.org,129,ETHEL,1
2006-02-14 22:04:36,1,SIMPSON,126,ELLEN.SIMPSON@sakilacustomer.org,130,ELLEN,1
2006-02-14 22:04:36,2,STEVENS,127,ELAINE.STEVENS@sakilacustomer.org,131,ELAINE,1
2006-02-14 22:04:36,1,TUCKER,128,MARJORIE.TUCKER@sakilacustomer.org,132,MARJORIE,1
2006-02-14 22:04:36,1,PORTER,129,CARRIE.PORTER@sakilacustomer.org,133,CARRIE,1
2006-02-14 22:04:36,1,HUNTER,130,CHARLOTTE.HUNTER@sakilacustomer.org,134,CHARLOTTE,1
2006-02-14 22:04:36,2,HICKS,131,MONICA.HICKS@sakilacustomer.org,135,MONICA,1
2006-02-14 22:04:36,2,CRAWFORD,132,ESTHER.CRAWFORD@sakilacustomer.org,136,ESTHER,1
2006-02-14 22:04:36,1,HENRY,133,PAULINE.HENRY@sakilacustomer.org,137,PAULINE,1
2006-02-14 22:04:36,1,BOYD,134,EMMA.BOYD@sakilacustomer.org,138,EMMA,1
2006-02-14 22:04:36,2,MASON,135,JUANITA.MASON@sakilacustomer.org,139,JUANITA,1
2006-02-14 22:04:36,2,MORALES,136,ANITA.MORALES@sakilacustomer.org,140,ANITA,1
2006-02-14 22:04:36,2,KENNEDY,137,RHONDA.KENNEDY@sakilacustomer.org,141,RHONDA,1
2006-02-14 22:04:36,1,WARREN,138,HAZEL.WARREN@sakilacustomer.org,142,HAZEL,1
2006-02-14 22:04:36,1,DIXON,139,AMBER.DIXON@sakilacustomer.org,143,AMBER,1
2006-02-14 22:04:36,1,RAMOS,140,EVA.RAMOS@sakilacustomer.org,144,EVA,1
2006-02-14 22:04:36,1,REYES,141,DEBBIE.REYES@sakilacustomer.org,145,DEBBIE,1
2006-02-14 22:04:36,1,BURNS,142,APRIL.BURNS@sakilacustomer.org,146,APRIL,1
2006-02-14 22:04:36,1,GORDON,143,LESLIE.GORDON@sakilacustomer.org,147,LESLIE,1
2006-02-14 22:04:36,1,SHAW,144,CLARA.SHAW@sakilacustomer.org,148,CLARA,1
2006-02-14 22:04:36,1,HOLMES,145,LUCILLE.HOLMES@sakilacustomer.org,149,LUCILLE,1
2006-02-14 22:04:36,1,RICE,146,JAMIE.RICE@sakilacustomer.org,150,JAMIE,1
2006-02-14 22:04:36,2,ROBERTSON,147,JOANNE.ROBERTSON@sakilacustomer.org,151,JOANNE,1
2006-02-14 22:04:36,1,HUNT,148,ELEANOR.HUNT@sakilacustomer.org,152,ELEANOR,1
2006-02-14 22:04:36,1,BLACK,149,VALERIE.BLACK@sakilacustomer.org,153,VALERIE,1
2006-02-14 22:04:36,2,DANIELS,150,DANIELLE.DANIELS@sakilacustomer.org,154,DANIELLE,1
2006-02-14 22:04:36,2,PALMER,151,MEGAN.PALMER@sakilacustomer.org,155,MEGAN,1
2006-02-14 22:04:36,1,MILLS,152,ALICIA.MILLS@sakilacustomer.org,156,ALICIA,1
2006-02-14 22:04:36,2,NICHOLS,153,SUZANNE.NICHOLS@sakilacustomer.org,157,SUZANNE,1
2006-02-14 22:04:36,2,GRANT,154,MICHELE.GRANT@sakilacustomer.org,158,MICHELE,1
2006-02-14 22:04:36,1,KNIGHT,155,GAIL.KNIGHT@sakilacustomer.org,159,GAIL,1
2006-02-14 22:04:36,1,FERGUSON,156,BERTHA.FERGUSON@sakilacustomer.org,160,BERTHA,1
2006-02-14 22:04:36,2,ROSE,157,DARLENE.ROSE@sakilacustomer.org,161,DARLENE,1
2006-02-14 22:04:36,1,STONE,158,VERONICA.STONE@sakilacustomer.org,162,VERONICA,1
2006-02-14 22:04:36,1,HAWKINS,159,JILL.HAWKINS@sakilacustomer.org,163,JILL,1
2006-02-14 22:04:36,2,DUNN,160,ERIN.DUNN@sakilacustomer.org,164,ERIN,1
2006-02-14 22:04:36,1,PERKINS,161,GERALDINE.PERKINS@sakilacustomer.org,165,GERALDINE,1
2006-02-14 22:04:36,2,HUDSON,162,LAUREN.HUDSON@sakilacustomer.org,166,LAUREN,1
2006-02-14 22:04:36,1,SPENCER,163,CATHY.SPENCER@sakilacustomer.org,167,CATHY,1
2006-02-14 22:04:36,2,GARDNER,164,JOANN.GARDNER@sakilacustomer.org,168,JOANN,1
2006-02-14 22:04:36,2,STEPHENS,165,LORRAINE.STEPHENS@sakilacustomer.org,169,LORRAINE,1
2006-02-14 22:04:36,1,PAYNE,166,LYNN.PAYNE@sakilacustomer.org,170,LYNN,1
2006-02-14 22:04:36,2,PIERCE,167,SALLY.PIERCE@sakilacustomer.org,171,SALLY,1
2006-02-14 22:04:36,1,BERRY,168,REGINA.BERRY@sakilacustomer.org,172,REGINA,1
2006-02-14 22:04:36,2,MATTHEWS,169,ERICA.MATTHEWS@sakilacustomer.org,173,ERICA,0
2006-02-14 22:04:36,1,ARNOLD,170,BEATRICE.ARNOLD@sakilacustomer.org,174,BEATRICE,1
2006-02-14 22:04:36,2,WAGNER,171,DOLORES.WAGNER@sakilacustomer.org,175,DOLORES,1
2006-02-14 22:04:36,1,WILLIS,172,BERNICE.WILLIS@sakilacustomer.org,176,BERNICE,1
2006-02-14 22:04:36,1,RAY,173,AUDREY.RAY@sakilacustomer.org,177,AUDREY,1
2006-02-14 22:04:36,2,WATKINS,174,YVONNE.WATKINS@sakilacustomer.org,178,YVONNE,1
2006-02-14 22:04:36,1,OLSON,175,ANNETTE.OLSON@sakilacustomer.org,179,ANNETTE,1
2006-02-14 22:04:36,1,CARROLL,176,JUNE.CARROLL@sakilacustomer.org,180,JUNE,1
2006-02-14 22:04:36,2,DUNCAN,177,SAMANTHA.DUNCAN@sakilacustomer.org,181,SAMANTHA,1
2006-02-14 22:04:36,2,SNYDER,178,MARION.SNYDER@sakilacustomer.org,182,MARION,1
2006-02-14 22:04:36,1,HART,179,DANA.HART@sakilacustomer.org,183,DANA,1
2006-02-14 22:04:36,2,CUNNINGHAM,180,STACY.CUNNINGHAM@sakilacustomer.org,184,STACY,1
2006-02-14 22:04:36,2,BRADLEY,181,ANA.BRADLEY@sakilacustomer.org,185,ANA,1
2006-02-14 22:04:36,1,LANE,182,RENEE.LANE@sakilacustomer.org,186,RENEE,1
2006-02-14 22:04:36,2,ANDREWS,183,IDA.ANDREWS@sakilacustomer.org,187,IDA,1
2006-02-14 22:04:36,1,RUIZ,184,VIVIAN.RUIZ@sakilacustomer.org,188,VIVIAN,1
2006-02-14 22:04:36,1,HARPER,185,ROBERTA.HARPER@sakilacustomer.org,189,ROBERTA,1
2006-02-14 22:04:36,2,FOX,186,HOLLY.FOX@sakilacustomer.org,190,HOLLY,1
2006-02-14 22:04:36,2,RILEY,187,BRITTANY.RILEY@sakilacustomer.org,191,BRITTANY,1
2006-02-14 22:04:36,1,ARMSTRONG,188,MELANIE.ARMSTRONG@sakilacustomer.org,192,MELANIE,1
2006-02-14 22:04:36,1,CARPENTER,189,LORETTA.CARPENTER@sakilacustomer.org,193,LORETTA,1
2006-02-14 22:04:36,2,WEAVER,190,YOLANDA.WEAVER@sakilacustomer.org,194,YOLANDA,1
2006-02-14 22:04:36,1,GREENE,191,JEANETTE.GREENE@sakilacustomer.org,195,JEANETTE,1
2006-02-14 22:04:36,1,LAWRENCE,192,LAURIE.LAWRENCE@sakilacustomer.org,196,LAURIE,1
2006-02-14 22:04:36,2,ELLIOTT,193,KATIE.ELLIOTT@sakilacustomer.org,197,KATIE,1
2006-02-14 22:04:36,2,CHAVEZ,194,KRISTEN.CHAVEZ@sakilacustomer.org,198,KRISTEN,1
2006-02-14 22:04:36,1,SIMS,195,VANESSA.SIMS@sakilacustomer.org,199,VANESSA,1
2006-02-14 22:04:36,1,AUSTIN,196,ALMA.AUSTIN@sakilacustomer.org,200,ALMA,1
2006-02-14 22:04:36,2,PETERS,197,SUE.PETERS@sakilacustomer.org,201,SUE,1
2006-02-14 22:04:36,2,KELLEY,198,ELSIE.KELLEY@sakilacustomer.org,202,ELSIE,1
2006-02-14 22:04:36,2,FRANKLIN,199,BETH.FRANKLIN@sakilacustomer.org,203,BETH,1
2006-02-14 22:04:36,2,LAWSON,200,JEANNE.LAWSON@sakilacustomer.org,204,JEANNE,1
2006-02-14 22:04:36,1,FIELDS,201,VICKI.FIELDS@sakilacustomer.org,205,VICKI,1
2006-02-14 22:04:36,2,GUTIERREZ,202,CARLA.GUTIERREZ@sakilacustomer.org,206,CARLA,1
2006-02-14 22:04:36,1,RYAN,203,TARA.RYAN@sakilacustomer.org,207,TARA,1
2006-02-14 22:04:36,1,SCHMIDT,204,ROSEMARY.SCHMIDT@sakilacustomer.org,208,ROSEMARY,1
2006-02-14 22:04:36,2,CARR,205,EILEEN.CARR@sakilacustomer.org,209,EILEEN,1
2006-02-14 22:04:36,1,VASQUEZ,206,TERRI.VASQUEZ@sakilacustomer.org,210,TERRI,1
2006-02-14 22:04:36,1,CASTILLO,207,GERTRUDE.CASTILLO@sakilacustomer.org,211,GERTRUDE,1
2006-02-14 22:04:36,1,WHEELER,208,LUCY.WHEELER@sakilacustomer.org,212,LUCY,1
2006-02-14 22:04:36,2,CHAPMAN,209,TONYA.CHAPMAN@sakilacustomer.org,213,TONYA,1
2006-02-14 22:04:36,2,OLIVER,210,ELLA.OLIVER@sakilacustomer.org,214,ELLA,1
2006-02-14 22:04:36,1,MONTGOMERY,211,STACEY.MONTGOMERY@sakilacustomer.org,215,STACEY,1
2006-02-14 22:04:36,2,RICHARDS,212,WILMA.RICHARDS@sakilacustomer.org,216,WILMA,1
2006-02-14 22:04:36,1,WILLIAMSON,213,GINA.WILLIAMSON@sakilacustomer.org,217,GINA,1
2006-02-14 22:04:36,1,JOHNSTON,214,KRISTIN.JOHNSTON@sakilacustomer.org,218,KRISTIN,1
2006-02-14 22:04:36,2,BANKS,215,JESSIE.BANKS@sakilacustomer.org,219,JESSIE,1
2006-02-14 22:04:36,1,MEYER,216,NATALIE.MEYER@sakilacustomer.org,220,NATALIE,1
2006-02-14 22:04:36,2,BISHOP,217,AGNES.BISHOP@sakilacustomer.org,221,AGNES,1
2006-02-14 22:04:36,1,MCCOY,218,VERA.MCCOY@sakilacustomer.org,222,VERA,1
2006-02-14 22:04:36,2,HOWELL,219,WILLIE.HOWELL@sakilacustomer.org,223,WILLIE,1
2006-02-14 22:04:36,2,ALVAREZ,220,CHARLENE.ALVAREZ@sakilacustomer.org,224,CHARLENE,1
2006-02-14 22:04:36,1,MORRISON,221,BESSIE.MORRISON@sakilacustomer.org,225,BESSIE,1
2006-02-14 22:04:36,2,HANSEN,222,DELORES.HANSEN@sakilacustomer.org,226,DELORES,1
2006-02-14 22:04:36,1,FERNANDEZ,223,MELINDA.FERNANDEZ@sakilacustomer.org,227,MELINDA,1
2006-02-14 22:04:36,2,GARZA,224,PEARL.GARZA@sakilacustomer.org,228,PEARL,1
2006-02-14 22:04:36,1,HARVEY,225,ARLENE.HARVEY@sakilacustomer.org,229,ARLENE,1
2006-02-14 22:04:36,2,LITTLE,226,MAUREEN.LITTLE@sakilacustomer.org,230,MAUREEN,1
2006-02-14 22:04:36,1,BURTON,227,COLLEEN.BURTON@sakilacustomer.org,231,COLLEEN,1
2006-02-14 22:04:36,2,STANLEY,228,ALLISON.STANLEY@sakilacustomer.org,232,ALLISON,1
2006-02-14 22:04:36,1,NGUYEN,229,TAMARA.NGUYEN@sakilacustomer.org,233,TAMARA,1
2006-02-14 22:04:36,2,GEORGE,230,JOY.GEORGE@sakilacustomer.org,234,JOY,1
2006-02-14 22:04:36,1,JACOBS,231,GEORGIA.JACOBS@sakilacustomer.org,235,GEORGIA,1
2006-02-14 22:04:36,2,REID,232,CONSTANCE.REID@sakilacustomer.org,236,CONSTANCE,1
2006-02-14 22:04:36,2,KIM,233,LILLIE.KIM@sakilacustomer.org,237,LILLIE,1
2006-02-14 22:04:36,1,FULLER,234,CLAUDIA.FULLER@sakilacustomer.org,238,CLAUDIA,1
2006-02-14 22:04:36,1,LYNCH,235,JACKIE.LYNCH@sakilacustomer.org,239,JACKIE,1
2006-02-14 22:04:36,1,DEAN,236,MARCIA.DEAN@sakilacustomer.org,240,MARCIA,1
2006-02-14 22:04:36,1,GILBERT,237,TANYA.GILBERT@sakilacustomer.org,241,TANYA,1
2006-02-14 22:04:36,1,GARRETT,238,NELLIE.GARRETT@sakilacustomer.org,242,NELLIE,1
2006-02-14 22:04:36,2,ROMERO,239,MINNIE.ROMERO@sakilacustomer.org,243,MINNIE,1
2006-02-14 22:04:36,1,WELCH,240,MARLENE.WELCH@sakilacustomer.org,244,MARLENE,1
2006-02-14 22:04:36,2,LARSON,241,HEIDI.LARSON@sakilacustomer.org,245,HEIDI,0
2006-02-14 22:04:36,1,FRAZIER,242,GLENDA.FRAZIER@sakilacustomer.org,246,GLENDA,1
2006-02-14 22:04:36,1,BURKE,243,LYDIA.BURKE@sakilacustomer.org,247,LYDIA,1
2006-02-14 22:04:36,2,HANSON,244,VIOLA.HANSON@sakilacustomer.org,248,VIOLA,1
2006-02-14 22:04:36,1,DAY,245,COURTNEY.DAY@sakilacustomer.org,249,COURTNEY,1
2006-02-14 22:04:36,1,MENDOZA,246,MARIAN.MENDOZA@sakilacustomer.org,250,MARIAN,1
2006-02-14 22:04:36,1,MORENO,247,STELLA.MORENO@sakilacustomer.org,251,STELLA,1
2006-02-14 22:04:36,1,BOWMAN,248,CAROLINE.BOWMAN@sakilacustomer.org,252,CAROLINE,1
2006-02-14 22:04:36,2,MEDINA,249,DORA.MEDINA@sakilacustomer.org,253,DORA,1
2006-02-14 22:04:36,2,FOWLER,250,JO.FOWLER@sakilacustomer.org,254,JO,1
2006-02-14 22:04:36,2,BREWER,251,VICKIE.BREWER@sakilacustomer.org,255,VICKIE,1
2006-02-14 22:04:36,2,HOFFMAN,252,MATTIE.HOFFMAN@sakilacustomer.org,256,MATTIE,1
2006-02-14 22:04:36,1,CARLSON,253,TERRY.CARLSON@sakilacustomer.org,258,TERRY,1
2006-02-14 22:04:36,2,SILVA,254,MAXINE.SILVA@sakilacustomer.org,259,MAXINE,1
2006-02-14 22:04:36,2,PEARSON,255,IRMA.PEARSON@sakilacustomer.org,260,IRMA,1
2006-02-14 22:04:36,2,HOLLAND,256,MABEL.HOLLAND@sakilacustomer.org,261,MABEL,1
2006-02-14 22:04:36,2,DOUGLAS,257,MARSHA.DOUGLAS@sakilacustomer.org,262,MARSHA,1
2006-02-14 22:04:36,1,FLEMING,258,MYRTLE.FLEMING@sakilacustomer.org,263,MYRTLE,1
2006-02-14 22:04:36,2,JENSEN,259,LENA.JENSEN@sakilacustomer.org,264,LENA,1
2006-02-14 22:04:36,1,VARGAS,260,CHRISTY.VARGAS@sakilacustomer.org,265,CHRISTY,1
2006-02-14 22:04:36,1,BYRD,261,DEANNA.BYRD@sakilacustomer.org,266,DEANNA,1
2006-02-14 22:04:36,2,DAVIDSON,262,PATSY.DAVIDSON@sakilacustomer.org,267,PATSY,1
2006-02-14 22:04:36,1,HOPKINS,263,HILDA.HOPKINS@sakilacustomer.org,268,HILDA,1
2006-02-14 22:04:36,1,MAY,264,GWENDOLYN.MAY@sakilacustomer.org,269,GWENDOLYN,1
2006-02-14 22:04:36,2,TERRY,265,JENNIE.TERRY@sakilacustomer.org,270,JENNIE,1
2006-02-14 22:04:36,2,HERRERA,266,NORA.HERRERA@sakilacustomer.org,271,NORA,1
2006-02-14 22:04:36,1,WADE,267,MARGIE.WADE@sakilacustomer.org,272,MARGIE,1
2006-02-14 22:04:36,1,SOTO,268,NINA.SOTO@sakilacustomer.org,273,NINA,1
2006-02-14 22:04:36,1,WALTERS,269,CASSANDRA.WALTERS@sakilacustomer.org,274,CASSANDRA,1
2006-02-14 22:04:36,1,CURTIS,270,LEAH.CURTIS@sakilacustomer.org,275,LEAH,1
2006-02-14 22:04:36,1,NEAL,271,PENNY.NEAL@sakilacustomer.org,276,PENNY,0
2006-02-14 22:04:37,1,CALDWELL,272,KAY.CALDWELL@sakilacustomer.org,277,KAY,1
2006-02-14 22:04:37,2,LOWE,273,PRISCILLA.LOWE@sakilacustomer.org,278,PRISCILLA,1
2006-02-14 22:04:37,1,JENNINGS,274,NAOMI.JENNINGS@sakilacustomer.org,279,NAOMI,1
2006-02-14 22:04:37,2,BARNETT,275,CAROLE.BARNETT@sakilacustomer.org,280,CAROLE,1
2006-02-14 22:04:37,1,GRAVES,276,BRANDY.GRAVES@sakilacustomer.org,281,BRANDY,1
2006-02-14 22:04:37,2,JIMENEZ,277,OLGA.JIMENEZ@sakilacustomer.org,282,OLGA,1
2006-02-14 22:04:37,2,HORTON,278,BILLIE.HORTON@sakilacustomer.org,283,BILLIE,1
2006-02-14 22:04:37,2,SHELTON,279,DIANNE.SHELTON@sakilacustomer.org,284,DIANNE,1
2006-02-14 22:04:37,2,BARRETT,280,TRACEY.BARRETT@sakilacustomer.org,285,TRACEY,1
2006-02-14 22:04:37,2,OBRIEN,281,LEONA.OBRIEN@sakilacustomer.org,286,LEONA,1
2006-02-14 22:04:37,2,CASTRO,282,JENNY.CASTRO@sakilacustomer.org,287,JENNY,1
2006-02-14 22:04:37,1,SUTTON,283,FELICIA.SUTTON@sakilacustomer.org,288,FELICIA,1
2006-02-14 22:04:37,1,GREGORY,284,SONIA.GREGORY@sakilacustomer.org,289,SONIA,1
2006-02-14 22:04:37,1,MCKINNEY,285,MIRIAM.MCKINNEY@sakilacustomer.org,290,MIRIAM,1
2006-02-14 22:04:37,1,LUCAS,286,VELMA.LUCAS@sakilacustomer.org,291,VELMA,1
2006-02-14 22:04:37,2,MILES,287,BECKY.MILES@sakilacustomer.org,292,BECKY,1
2006-02-14 22:04:37,1,CRAIG,288,BOBBIE.CRAIG@sakilacustomer.org,293,BOBBIE,1
2006-02-14 22:04:37,1,RODRIQUEZ,289,VIOLET.RODRIQUEZ@sakilacustomer.org,294,VIOLET,1
2006-02-14 22:04:37,1,CHAMBERS,290,KRISTINA.CHAMBERS@sakilacustomer.org,295,KRISTINA,1
2006-02-14 22:04:37,1,HOLT,291,TONI.HOLT@sakilacustomer.org,296,TONI,1
2006-02-14 22:04:37,2,LAMBERT,292,MISTY.LAMBERT@sakilacustomer.org,297,MISTY,1
2006-02-14 22:04:37,2,FLETCHER,293,MAE.FLETCHER@sakilacustomer.org,298,MAE,1
2006-02-14 22:04:37,2,WATTS,294,SHELLY.WATTS@sakilacustomer.org,299,SHELLY,1
2006-02-14 22:04:37,1,BATES,295,DAISY.BATES@sakilacustomer.org,300,DAISY,1
2006-02-14 22:04:37,2,HALE,296,RAMONA.HALE@sakilacustomer.org,301,RAMONA,1
2006-02-14 22:04:37,1,RHODES,297,SHERRI.RHODES@sakilacustomer.org,302,SHERRI,1
2006-02-14 22:04:37,1,PENA,298,ERIKA.PENA@sakilacustomer.org,303,ERIKA,1
2006-02-14 22:04:37,2,GANNON,299,JAMES.GANNON@sakilacustomer.org,304,JAMES,1
2006-02-14 22:04:37,1,FARNSWORTH,300,JOHN.FARNSWORTH@sakilacustomer.org,305,JOHN,1
2006-02-14 22:04:37,2,BAUGHMAN,301,ROBERT.BAUGHMAN@sakilacustomer.org,306,ROBERT,1
2006-02-14 22:04:37,1,SILVERMAN,302,MICHAEL.SILVERMAN@sakilacustomer.org,307,MICHAEL,1
2006-02-14 22:04:37,2,SATTERFIELD,303,WILLIAM.SATTERFIELD@sakilacustomer.org,308,WILLIAM,1
2006-02-14 22:04:37,2,ROYAL,304,DAVID.ROYAL@sakilacustomer.org,309,DAVID,1
2006-02-14 22:04:37,1,MCCRARY,305,RICHARD.MCCRARY@sakilacustomer.org,310,RICHARD,1
2006-02-14 22:04:37,1,KOWALSKI,306,CHARLES.KOWALSKI@sakilacustomer.org,311,CHARLES,1
2006-02-14 22:04:37,2,JOY,307,JOSEPH.JOY@sakilacustomer.org,312,JOSEPH,1
2006-02-14 22:04:37,1,GRIGSBY,308,THOMAS.GRIGSBY@sakilacustomer.org,313,THOMAS,1
2006-02-14 22:04:37,1,GRECO,309,CHRISTOPHER.GRECO@sakilacustomer.org,314,CHRISTOPHER,1
2006-02-14 22:04:37,2,CABRAL,310,DANIEL.CABRAL@sakilacustomer.org,315,DANIEL,1
2006-02-14 22:04:37,2,TROUT,311,PAUL.TROUT@sakilacustomer.org,316,PAUL,1
2006-02-14 22:04:37,2,RINEHART,312,MARK.RINEHART@sakilacustomer.org,317,MARK,1
2006-02-14 22:04:37,2,MAHON,313,DONALD.MAHON@sakilacustomer.org,318,DONALD,1
2006-02-14 22:04:37,1,LINTON,314,GEORGE.LINTON@sakilacustomer.org,319,GEORGE,1
2006-02-14 22:04:37,2,GOODEN,315,KENNETH.GOODEN@sakilacustomer.org,320,KENNETH,0
2006-02-14 22:04:37,1,CURLEY,316,STEVEN.CURLEY@sakilacustomer.org,321,STEVEN,1
2006-02-14 22:04:37,2,BAUGH,317,EDWARD.BAUGH@sakilacustomer.org,322,EDWARD,1
2006-02-14 22:04:37,1,WYMAN,318,BRIAN.WYMAN@sakilacustomer.org,323,BRIAN,1
2006-02-14 22:04:37,2,WEINER,319,RONALD.WEINER@sakilacustomer.org,324,RONALD,1
2006-02-14 22:04:37,2,SCHWAB,320,ANTHONY.SCHWAB@sakilacustomer.org,325,ANTHONY,1
2006-02-14 22:04:37,1,SCHULER,321,KEVIN.SCHULER@sakilacustomer.org,326,KEVIN,1
2006-02-14 22:04:37,1,MORRISSEY,322,JASON.MORRISSEY@sakilacustomer.org,327,JASON,1
2006-02-14 22:04:37,2,MAHAN,323,MATTHEW.MAHAN@sakilacustomer.org,328,MATTHEW,1
2006-02-14 22:04:37,2,COY,324,GARY.COY@sakilacustomer.org,329,GARY,1
2006-02-14 22:04:37,1,BUNN,325,TIMOTHY.BUNN@sakilacustomer.org,330,TIMOTHY,1
2006-02-14 22:04:37,1,ANDREW,326,JOSE.ANDREW@sakilacustomer.org,331,JOSE,1
2006-02-14 22:04:37,2,THRASHER,327,LARRY.THRASHER@sakilacustomer.org,332,LARRY,1
2006-02-14 22:04:37,2,SPEAR,328,JEFFREY.SPEAR@sakilacustomer.org,333,JEFFREY,1
2006-02-14 22:04:37,2,WAGGONER,329,FRANK.WAGGONER@sakilacustomer.org,334,FRANK,1
2006-02-14 22:04:37,1,SHELLEY,330,SCOTT.SHELLEY@sakilacustomer.org,335,SCOTT,1
2006-02-14 22:04:37,1,ROBERT,331,ERIC.ROBERT@sakilacustomer.org,336,ERIC,1
2006-02-14 22:04:37,1,QUALLS,332,STEPHEN.QUALLS@sakilacustomer.org,337,STEPHEN,1
2006-02-14 22:04:37,2,PURDY,333,ANDREW.PURDY@sakilacustomer.org,338,ANDREW,1
2006-02-14 22:04:37,2,MCWHORTER,334,RAYMOND.MCWHORTER@sakilacustomer.org,339,RAYMOND,1
2006-02-14 22:04:37,1,MAULDIN,335,GREGORY.MAULDIN@sakilacustomer.org,340,GREGORY,1
2006-02-14 22:04:37,1,MARK,336,JOSHUA.MARK@sakilacustomer.org,341,JOSHUA,1
2006-02-14 22:04:37,1,JORDON,337,JERRY.JORDON@sakilacustomer.org,342,JERRY,1
2006-02-14 22:04:37,1,GILMAN,338,DENNIS.GILMAN@sakilacustomer.org,343,DENNIS,1
2006-02-14 22:04:37,2,PERRYMAN,339,WALTER.PERRYMAN@sakilacustomer.org,344,WALTER,1
2006-02-14 22:04:37,1,NEWSOM,340,PATRICK.NEWSOM@sakilacustomer.org,345,PATRICK,1
2006-02-14 22:04:37,1,MENARD,341,PETER.MENARD@sakilacustomer.org,346,PETER,1
2006-02-14 22:04:37,1,MARTINO,342,HAROLD.MARTINO@sakilacustomer.org,347,HAROLD,1
2006-02-14 22:04:37,1,GRAF,343,DOUGLAS.GRAF@sakilacustomer.org,348,DOUGLAS,1
2006-02-14 22:04:37,1,BILLINGSLEY,344,HENRY.BILLINGSLEY@sakilacustomer.org,349,HENRY,1
2006-02-14 22:04:37,1,ARTIS,345,CARL.ARTIS@sakilacustomer.org,350,CARL,1
2006-02-14 22:04:37,1,SIMPKINS,346,ARTHUR.SIMPKINS@sakilacustomer.org,351,ARTHUR,1
2006-02-14 22:04:37,2,SALISBURY,347,RYAN.SALISBURY@sakilacustomer.org,352,RYAN,1
2006-02-14 22:04:37,2,QUINTANILLA,348,ROGER.QUINTANILLA@sakilacustomer.org,353,ROGER,1
2006-02-14 22:04:37,2,GILLILAND,349,JOE.GILLILAND@sakilacustomer.org,354,JOE,1
2006-02-14 22:04:37,1,FRALEY,350,JUAN.FRALEY@sakilacustomer.org,355,JUAN,1
2006-02-14 22:04:37,1,FOUST,351,JACK.FOUST@sakilacustomer.org,356,JACK,1
2006-02-14 22:04:37,1,CROUSE,352,ALBERT.CROUSE@sakilacustomer.org,357,ALBERT,1
2006-02-14 22:04:37,1,SCARBOROUGH,353,JONATHAN.SCARBOROUGH@sakilacustomer.org,358,JONATHAN,1
2006-02-14 22:04:37,2,NGO,354,JUSTIN.NGO@sakilacustomer.org,359,JUSTIN,1
2006-02-14 22:04:37,2,GRISSOM,355,TERRY.GRISSOM@sakilacustomer.org,360,TERRY,1
2006-02-14 22:04:37,2,FULTZ,356,GERALD.FULTZ@sakilacustomer.org,361,GERALD,1
2006-02-14 22:04:37,1,RICO,357,KEITH.RICO@sakilacustomer.org,362,KEITH,1
2006-02-14 22:04:37,2,MARLOW,358,SAMUEL.MARLOW@sakilacustomer.org,363,SAMUEL,1
2006-02-14 22:04:37,2,MARKHAM,359,WILLIE.MARKHAM@sakilacustomer.org,364,WILLIE,1
2006-02-14 22:04:37,2,MADRIGAL,360,RALPH.MADRIGAL@sakilacustomer.org,365,RALPH,1
2006-02-14 22:04:37,2,LAWTON,361,LAWRENCE.LAWTON@sakilacustomer.org,366,LAWRENCE,1
2006-02-14 22:04:37,1,BARFIELD,362,NICHOLAS.BARFIELD@sakilacustomer.org,367,NICHOLAS,1
2006-02-14 22:04:37,2,WHITING,363,ROY.WHITING@sakilacustomer.org,368,ROY,1
2006-02-14 22:04:37,1,VARNEY,364,BENJAMIN.VARNEY@sakilacustomer.org,369,BENJAMIN,1
2006-02-14 22:04:37,2,SCHWARZ,365,BRUCE.SCHWARZ@sakilacustomer.org,370,BRUCE,1
2006-02-14 22:04:37,1,HUEY,366,BRANDON.HUEY@sakilacustomer.org,371,BRANDON,1
2006-02-14 22:04:37,1,GOOCH,367,ADAM.GOOCH@sakilacustomer.org,372,ADAM,1
2006-02-14 22:04:37,1,ARCE,368,HARRY.ARCE@sakilacustomer.org,373,HARRY,0
2006-02-14 22:04:37,2,WHEAT,369,FRED.WHEAT@sakilacustomer.org,374,FRED,1
2006-02-14 22:04:37,2,TRUONG,370,WAYNE.TRUONG@sakilacustomer.org,375,WAYNE,1
2006-02-14 22:04:37,1,POULIN,371,BILLY.POULIN@sakilacustomer.org,376,BILLY,1
2006-02-14 22:04:37,2,MACKENZIE,372,STEVE.MACKENZIE@sakilacustomer.org,377,STEVE,1
2006-02-14 22:04:37,1,LEONE,373,LOUIS.LEONE@sakilacustomer.org,378,LOUIS,1
2006-02-14 22:04:37,2,HURTADO,374,JEREMY.HURTADO@sakilacustomer.org,379,JEREMY,1
2006-02-14 22:04:37,2,SELBY,375,AARON.SELBY@sakilacustomer.org,380,AARON,1
2006-02-14 22:04:37,1,GAITHER,376,RANDY.GAITHER@sakilacustomer.org,381,RANDY,1
2006-02-14 22:04:37,1,FORTNER,377,HOWARD.FORTNER@sakilacustomer.org,382,HOWARD,1
2006-02-14 22:04:37,1,CULPEPPER,378,EUGENE.CULPEPPER@sakilacustomer.org,383,EUGENE,1
2006-02-14 22:04:37,1,COUGHLIN,379,CARLOS.COUGHLIN@sakilacustomer.org,384,CARLOS,1
2006-02-14 22:04:37,1,BRINSON,380,RUSSELL.BRINSON@sakilacustomer.org,385,RUSSELL,1
2006-02-14 22:04:37,2,BOUDREAU,381,BOBBY.BOUDREAU@sakilacustomer.org,386,BOBBY,1
2006-02-14 22:04:37,2,BARKLEY,382,VICTOR.BARKLEY@sakilacustomer.org,387,VICTOR,1
2006-02-14 22:04:37,1,BALES,383,MARTIN.BALES@sakilacustomer.org,388,MARTIN,1
2006-02-14 22:04:37,2,STEPP,384,ERNEST.STEPP@sakilacustomer.org,389,ERNEST,1
2006-02-14 22:04:37,1,HOLM,385,PHILLIP.HOLM@sakilacustomer.org,390,PHILLIP,1
2006-02-14 22:04:37,1,TAN,386,TODD.TAN@sakilacustomer.org,391,TODD,1
2006-02-14 22:04:37,2,SCHILLING,387,JESSE.SCHILLING@sakilacustomer.org,392,JESSE,1
2006-02-14 22:04:37,2,MORRELL,388,CRAIG.MORRELL@sakilacustomer.org,393,CRAIG,1
2006-02-14 22:04:37,1,KAHN,389,ALAN.KAHN@sakilacustomer.org,394,ALAN,1
2006-02-14 22:04:37,1,HEATON,390,SHAWN.HEATON@sakilacustomer.org,395,SHAWN,1
2006-02-14 22:04:37,1,GAMEZ,391,CLARENCE.GAMEZ@sakilacustomer.org,396,CLARENCE,1
2006-02-14 22:04:37,2,DOUGLASS,392,SEAN.DOUGLASS@sakilacustomer.org,397,SEAN,1
2006-02-14 22:04:37,1,CAUSEY,393,PHILIP.CAUSEY@sakilacustomer.org,398,PHILIP,1
2006-02-14 22:04:37,2,BROTHERS,394,CHRIS.BROTHERS@sakilacustomer.org,399,CHRIS,1
2006-02-14 22:04:37,2,TURPIN,395,JOHNNY.TURPIN@sakilacustomer.org,400,JOHNNY,1
2006-02-14 22:04:37,1,SHANKS,396,EARL.SHANKS@sakilacustomer.org,401,EARL,1
2006-02-14 22:04:37,1,SCHRADER,397,JIMMY.SCHRADER@sakilacustomer.org,402,JIMMY,1
2006-02-14 22:04:37,1,MEEK,398,ANTONIO.MEEK@sakilacustomer.org,403,ANTONIO,1
2006-02-14 22:04:37,1,ISOM,399,DANNY.ISOM@sakilacustomer.org,404,DANNY,1
2006-02-14 22:04:37,2,HARDISON,400,BRYAN.HARDISON@sakilacustomer.org,405,BRYAN,1
2006-02-14 22:04:37,2,CARRANZA,401,TONY.CARRANZA@sakilacustomer.org,406,TONY,1
2006-02-14 22:04:37,1,YANEZ,402,LUIS.YANEZ@sakilacustomer.org,407,LUIS,1
2006-02-14 22:04:37,1,WAY,403,MIKE.WAY@sakilacustomer.org,408,MIKE,1
2006-02-14 22:04:37,2,SCROGGINS,404,STANLEY.SCROGGINS@sakilacustomer.org,409,STANLEY,1
2006-02-14 22:04:37,1,SCHOFIELD,405,LEONARD.SCHOFIELD@sakilacustomer.org,410,LEONARD,1
2006-02-14 22:04:37,1,RUNYON,406,NATHAN.RUNYON@sakilacustomer.org,411,NATHAN,0
2006-02-14 22:04:37,1,RATCLIFF,407,DALE.RATCLIFF@sakilacustomer.org,412,DALE,1
2006-02-14 22:04:37,1,MURRELL,408,MANUEL.MURRELL@sakilacustomer.org,413,MANUEL,1
2006-02-14 22:04:37,2,MOELLER,409,RODNEY.MOELLER@sakilacustomer.org,414,RODNEY,1
2006-02-14 22:04:37,2,IRBY,410,CURTIS.IRBY@sakilacustomer.org,415,CURTIS,1
2006-02-14 22:04:37,1,CURRIER,411,NORMAN.CURRIER@sakilacustomer.org,416,NORMAN,1
2006-02-14 22:04:37,2,BUTTERFIELD,412,ALLEN.BUTTERFIELD@sakilacustomer.org,417,ALLEN,1
2006-02-14 22:04:37,2,YEE,413,MARVIN.YEE@sakilacustomer.org,418,MARVIN,1
2006-02-14 22:04:37,1,RALSTON,414,VINCENT.RALSTON@sakilacustomer.org,419,VINCENT,1
2006-02-14 22:04:37,1,PULLEN,415,GLENN.PULLEN@sakilacustomer.org,420,GLENN,1
2006-02-14 22:04:37,2,PINSON,416,JEFFERY.PINSON@sakilacustomer.org,421,JEFFERY,1
2006-02-14 22:04:37,1,ESTEP,417,TRAVIS.ESTEP@sakilacustomer.org,422,TRAVIS,1
2006-02-14 22:04:37,2,EAST,418,JEFF.EAST@sakilacustomer.org,423,JEFF,1
2006-02-14 22:04:37,1,CARBONE,419,CHAD.CARBONE@sakilacustomer.org,424,CHAD,1
2006-02-14 22:04:37,1,LANCE,420,JACOB.LANCE@sakilacustomer.org,425,JACOB,1
2006-02-14 22:04:37,1,HAWKS,421,LEE.HAWKS@sakilacustomer.org,426,LEE,1
2006-02-14 22:04:37,1,ELLINGTON,422,MELVIN.ELLINGTON@sakilacustomer.org,427,MELVIN,1
2006-02-14 22:04:37,2,CASILLAS,423,ALFRED.CASILLAS@sakilacustomer.org,428,ALFRED,1
2006-02-14 22:04:37,2,SPURLOCK,424,KYLE.SPURLOCK@sakilacustomer.org,429,KYLE,1
2006-02-14 22:04:37,2,SIKES,425,FRANCIS.SIKES@sakilacustomer.org,430,FRANCIS,1
2006-02-14 22:04:37,1,MOTLEY,426,BRADLEY.MOTLEY@sakilacustomer.org,431,BRADLEY,1
2006-02-14 22:04:37,2,MCCARTNEY,427,JESUS.MCCARTNEY@sakilacustomer.org,432,JESUS,1
2006-02-14 22:04:37,2,KRUGER,428,HERBERT.KRUGER@sakilacustomer.org,433,HERBERT,1
2006-02-14 22:04:37,2,ISBELL,429,FREDERICK.ISBELL@sakilacustomer.org,434,FREDERICK,1
2006-02-14 22:04:37,1,HOULE,430,RAY.HOULE@sakilacustomer.org,435,RAY,1
2006-02-14 22:04:37,2,FRANCISCO,431,JOEL.FRANCISCO@sakilacustomer.org,436,JOEL,1
2006-02-14 22:04:37,1,BURK,432,EDWIN.BURK@sakilacustomer.org,437,EDWIN,1
2006-02-14 22:04:37,1,BONE,433,DON.BONE@sakilacustomer.org,438,DON,1
2006-02-14 22:04:37,1,TOMLIN,434,EDDIE.TOMLIN@sakilacustomer.org,439,EDDIE,1
2006-02-14 22:04:37,2,SHELBY,435,RICKY.SHELBY@sakilacustomer.org,440,RICKY,1
2006-02-14 22:04:37,1,QUIGLEY,436,TROY.QUIGLEY@sakilacustomer.org,441,TROY,1
2006-02-14 22:04:37,2,NEUMANN,437,RANDALL.NEUMANN@sakilacustomer.org,442,RANDALL,1
2006-02-14 22:04:37,1,LOVELACE,438,BARRY.LOVELACE@sakilacustomer.org,443,BARRY,1
2006-02-14 22:04:37,2,FENNELL,439,ALEXANDER.FENNELL@sakilacustomer.org,444,ALEXANDER,1
2006-02-14 22:04:37,1,COLBY,440,BERNARD.COLBY@sakilacustomer.org,445,BERNARD,1
2006-02-14 22:04:37,1,CHEATHAM,441,MARIO.CHEATHAM@sakilacustomer.org,446,MARIO,1
2006-02-14 22:04:37,1,BUSTAMANTE,442,LEROY.BUSTAMANTE@sakilacustomer.org,447,LEROY,1
2006-02-14 22:04:37,2,SKIDMORE,443,FRANCISCO.SKIDMORE@sakilacustomer.org,448,FRANCISCO,1
2006-02-14 22:04:37,2,HIDALGO,444,MARCUS.HIDALGO@sakilacustomer.org,449,MARCUS,1
2006-02-14 22:04:37,1,FORMAN,445,MICHEAL.FORMAN@sakilacustomer.org,450,MICHEAL,1
2006-02-14 22:04:37,2,CULP,446,THEODORE.CULP@sakilacustomer.org,451,THEODORE,0
2006-02-14 22:04:37,1,BOWENS,447,CLIFFORD.BOWENS@sakilacustomer.org,452,CLIFFORD,1
2006-02-14 22:04:37,1,BETANCOURT,448,MIGUEL.BETANCOURT@sakilacustomer.org,453,MIGUEL,1
2006-02-14 22:04:37,2,AQUINO,449,OSCAR.AQUINO@sakilacustomer.org,454,OSCAR,1
2006-02-14 22:04:37,1,ROBB,450,JAY.ROBB@sakilacustomer.org,455,JAY,1
2006-02-14 22:04:37,1,REA,451,JIM.REA@sakilacustomer.org,456,JIM,1
2006-02-14 22:04:37,1,MILNER,452,TOM.MILNER@sakilacustomer.org,457,TOM,1
2006-02-14 22:04:37,1,MARTEL,453,CALVIN.MARTEL@sakilacustomer.org,458,CALVIN,1
2006-02-14 22:04:37,2,GRESHAM,454,ALEX.GRESHAM@sakilacustomer.org,459,ALEX,1
2006-02-14 22:04:37,2,WILES,455,JON.WILES@sakilacustomer.org,460,JON,1
2006-02-14 22:04:37,2,RICKETTS,456,RONNIE.RICKETTS@sakilacustomer.org,461,RONNIE,1
2006-02-14 22:04:37,2,GAVIN,457,BILL.GAVIN@sakilacustomer.org,462,BILL,1
2006-02-14 22:04:37,1,DOWD,458,LLOYD.DOWD@sakilacustomer.org,463,LLOYD,1
2006-02-14 22:04:37,1,COLLAZO,459,TOMMY.COLLAZO@sakilacustomer.org,464,TOMMY,1
2006-02-14 22:04:37,1,BOSTIC,460,LEON.BOSTIC@sakilacustomer.org,465,LEON,1
2006-02-14 22:04:37,1,BLAKELY,461,DEREK.BLAKELY@sakilacustomer.org,466,DEREK,1
2006-02-14 22:04:37,2,SHERROD,462,WARREN.SHERROD@sakilacustomer.org,467,WARREN,1
2006-02-14 22:04:37,2,POWER,463,DARRELL.POWER@sakilacustomer.org,468,DARRELL,1
2006-02-14 22:04:37,1,KENYON,464,JEROME.KENYON@sakilacustomer.org,469,JEROME,1
2006-02-14 22:04:37,1,GANDY,465,FLOYD.GANDY@sakilacustomer.org,470,FLOYD,1
2006-02-14 22:04:37,1,EBERT,466,LEO.EBERT@sakilacustomer.org,471,LEO,1
2006-02-14 22:04:37,2,DELOACH,467,ALVIN.DELOACH@sakilacustomer.org,472,ALVIN,1
2006-02-14 22:04:37,1,CARY,468,TIM.CARY@sakilacustomer.org,473,TIM,1
2006-02-14 22:04:37,2,BULL,469,WESLEY.BULL@sakilacustomer.org,474,WESLEY,1
2006-02-14 22:04:37,1,ALLARD,470,GORDON.ALLARD@sakilacustomer.org,475,GORDON,1
2006-02-14 22:04:37,1,SAUER,471,DEAN.SAUER@sakilacustomer.org,476,DEAN,1
2006-02-14 22:04:37,1,ROBINS,472,GREG.ROBINS@sakilacustomer.org,477,GREG,1
2006-02-14 22:04:37,2,OLIVARES,473,JORGE.OLIVARES@sakilacustomer.org,478,JORGE,1
2006-02-14 22:04:37,2,GILLETTE,474,DUSTIN.GILLETTE@sakilacustomer.org,479,DUSTIN,1
2006-02-14 22:04:37,2,CHESTNUT,475,PEDRO.CHESTNUT@sakilacustomer.org,480,PEDRO,1
2006-02-14 22:04:37,1,BOURQUE,476,DERRICK.BOURQUE@sakilacustomer.org,481,DERRICK,1
2006-02-14 22:04:37,1,PAINE,477,DAN.PAINE@sakilacustomer.org,482,DAN,1
2006-02-14 22:04:37,1,LYMAN,478,LEWIS.LYMAN@sakilacustomer.org,483,LEWIS,1
2006-02-14 22:04:37,1,HITE,479,ZACHARY.HITE@sakilacustomer.org,484,ZACHARY,1
2006-02-14 22:04:37,1,HAUSER,480,COREY.HAUSER@sakilacustomer.org,485,COREY,1
2006-02-14 22:04:37,1,DEVORE,481,HERMAN.DEVORE@sakilacustomer.org,486,HERMAN,1
2006-02-14 22:04:37,1,CRAWLEY,482,MAURICE.CRAWLEY@sakilacustomer.org,487,MAURICE,0
2006-02-14 22:04:37,2,CHAPA,483,VERNON.CHAPA@sakilacustomer.org,488,VERNON,1
2006-02-14 22:04:37,1,VU,484,ROBERTO.VU@sakilacustomer.org,489,ROBERTO,1
2006-02-14 22:04:37,1,TOBIAS,485,CLYDE.TOBIAS@sakilacustomer.org,490,CLYDE,1
2006-02-14 22:04:37,1,TALBERT,486,GLEN.TALBERT@sakilacustomer.org,491,GLEN,1
2006-02-14 22:04:37,2,POINDEXTER,487,HECTOR.POINDEXTER@sakilacustomer.org,492,HECTOR,1
2006-02-14 22:04:37,2,MILLARD,488,SHANE.MILLARD@sakilacustomer.org,493,SHANE,1
2006-02-14 22:04:37,1,MEADOR,489,RICARDO.MEADOR@sakilacustomer.org,494,RICARDO,1
2006-02-14 22:04:37,1,MCDUFFIE,490,SAM.MCDUFFIE@sakilacustomer.org,495,SAM,1
2006-02-14 22:04:37,2,MATTOX,491,RICK.MATTOX@sakilacustomer.org,496,RICK,1
2006-02-14 22:04:37,2,KRAUS,492,LESTER.KRAUS@sakilacustomer.org,497,LESTER,1
2006-02-14 22:04:37,1,HARKINS,493,BRENT.HARKINS@sakilacustomer.org,498,BRENT,1
2006-02-14 22:04:37,2,CHOATE,494,RAMON.CHOATE@sakilacustomer.org,499,RAMON,1
2006-02-14 22:04:37,2,BESS,495,CHARLIE.BESS@sakilacustomer.org,500,CHARLIE,1
2006-02-14 22:04:37,2,WREN,496,TYLER.WREN@sakilacustomer.org,501,TYLER,1
2006-02-14 22:04:37,2,SLEDGE,497,GILBERT.SLEDGE@sakilacustomer.org,502,GILBERT,1
2006-02-14 22:04:37,1,SANBORN,498,GENE.SANBORN@sakilacustomer.org,503,GENE,1
2006-02-14 22:04:37,2,OUTLAW,499,MARC.OUTLAW@sakilacustomer.org,504,MARC,1
2006-02-14 22:04:37,1,KINDER,500,REGINALD.KINDER@sakilacustomer.org,505,REGINALD,1
2006-02-14 22:04:37,1,GEARY,501,RUBEN.GEARY@sakilacustomer.org,506,RUBEN,1
2006-02-14 22:04:37,1,CORNWELL,502,BRETT.CORNWELL@sakilacustomer.org,507,BRETT,1
2006-02-14 22:04:37,1,BARCLAY,503,ANGEL.BARCLAY@sakilacustomer.org,508,ANGEL,1
2006-02-14 22:04:37,1,ADAM,504,NATHANIEL.ADAM@sakilacustomer.org,509,NATHANIEL,1
2006-02-14 22:04:37,1,ABNEY,505,RAFAEL.ABNEY@sakilacustomer.org,510,RAFAEL,1
2006-02-14 22:04:37,2,SEWARD,506,LESLIE.SEWARD@sakilacustomer.org,511,LESLIE,1
2006-02-14 22:04:37,2,RHOADS,507,EDGAR.RHOADS@sakilacustomer.org,512,EDGAR,1
2006-02-14 22:04:37,2,HOWLAND,508,MILTON.HOWLAND@sakilacustomer.org,513,MILTON,1
2006-02-14 22:04:37,1,FORTIER,509,RAUL.FORTIER@sakilacustomer.org,514,RAUL,1
2006-02-14 22:04:37,2,EASTER,510,BEN.EASTER@sakilacustomer.org,515,BEN,0
2006-02-14 22:04:37,1,BENNER,511,CHESTER.BENNER@sakilacustomer.org,516,CHESTER,1
2006-02-14 22:04:37,1,VINES,512,CECIL.VINES@sakilacustomer.org,517,CECIL,1
2006-02-14 22:04:37,2,TUBBS,513,DUANE.TUBBS@sakilacustomer.org,519,DUANE,1
2006-02-14 22:04:37,2,TROUTMAN,514,FRANKLIN.TROUTMAN@sakilacustomer.org,520,FRANKLIN,1
2006-02-14 22:04:37,1,RAPP,515,ANDRE.RAPP@sakilacustomer.org,521,ANDRE,1
2006-02-14 22:04:37,2,NOE,516,ELMER.NOE@sakilacustomer.org,522,ELMER,1
2006-02-14 22:04:37,2,MCCURDY,517,BRAD.MCCURDY@sakilacustomer.org,523,BRAD,1
2006-02-14 22:04:37,1,HARDER,518,GABRIEL.HARDER@sakilacustomer.org,524,GABRIEL,1
2006-02-14 22:04:37,2,DELUCA,519,RON.DELUCA@sakilacustomer.org,525,RON,1
2006-02-14 22:04:37,2,WESTMORELAND,520,MITCHELL.WESTMORELAND@sakilacustomer.org,526,MITCHELL,1
2006-02-14 22:04:37,2,SOUTH,521,ROLAND.SOUTH@sakilacustomer.org,527,ROLAND,1
2006-02-14 22:04:37,2,HAVENS,522,ARNOLD.HAVENS@sakilacustomer.org,528,ARNOLD,1
2006-02-14 22:04:37,1,GUAJARDO,523,HARVEY.GUAJARDO@sakilacustomer.org,529,HARVEY,1
2006-02-14 22:04:37,1,ELY,524,JARED.ELY@sakilacustomer.org,530,JARED,1
2006-02-14 22:04:37,2,CLARY,525,ADRIAN.CLARY@sakilacustomer.org,531,ADRIAN,1
2006-02-14 22:04:37,2,SEAL,526,KARL.SEAL@sakilacustomer.org,532,KARL,1
2006-02-14 22:04:37,1,MEEHAN,527,CORY.MEEHAN@sakilacustomer.org,533,CORY,1
2006-02-14 22:04:37,1,HERZOG,528,CLAUDE.HERZOG@sakilacustomer.org,534,CLAUDE,1
2006-02-14 22:04:37,2,GUILLEN,529,ERIK.GUILLEN@sakilacustomer.org,535,ERIK,1
2006-02-14 22:04:37,2,ASHCRAFT,530,DARRYL.ASHCRAFT@sakilacustomer.org,536,DARRYL,1
2006-02-14 22:04:37,2,WAUGH,531,JAMIE.WAUGH@sakilacustomer.org,537,JAMIE,1
2006-02-14 22:04:37,2,RENNER,532,NEIL.RENNER@sakilacustomer.org,538,NEIL,1
2006-02-14 22:04:37,1,MILAM,533,JESSIE.MILAM@sakilacustomer.org,539,JESSIE,1
2006-02-14 22:04:37,1,JUNG,534,CHRISTIAN.JUNG@sakilacustomer.org,540,CHRISTIAN,0
2006-02-14 22:04:37,1,ELROD,535,JAVIER.ELROD@sakilacustomer.org,541,JAVIER,1
2006-02-14 22:04:37,2,CHURCHILL,536,FERNANDO.CHURCHILL@sakilacustomer.org,542,FERNANDO,1
2006-02-14 22:04:37,2,BUFORD,537,CLINTON.BUFORD@sakilacustomer.org,543,CLINTON,1
2006-02-14 22:04:37,2,BREAUX,538,TED.BREAUX@sakilacustomer.org,544,TED,1
2006-02-14 22:04:37,1,BOLIN,539,MATHEW.BOLIN@sakilacustomer.org,545,MATHEW,1
2006-02-14 22:04:37,1,ASHER,540,TYRONE.ASHER@sakilacustomer.org,546,TYRONE,1
2006-02-14 22:04:37,2,WINDHAM,541,DARREN.WINDHAM@sakilacustomer.org,547,DARREN,1
2006-02-14 22:04:37,2,TIRADO,542,LONNIE.TIRADO@sakilacustomer.org,548,LONNIE,1
2006-02-14 22:04:37,1,PEMBERTON,543,LANCE.PEMBERTON@sakilacustomer.org,549,LANCE,1
2006-02-14 22:04:37,2,NOLEN,544,CODY.NOLEN@sakilacustomer.org,550,CODY,1
2006-02-14 22:04:37,2,NOLAND,545,JULIO.NOLAND@sakilacustomer.org,551,JULIO,1
2006-02-14 22:04:37,1,KNOTT,546,KELLY.KNOTT@sakilacustomer.org,552,KELLY,1
2006-02-14 22:04:37,1,EMMONS,547,KURT.EMMONS@sakilacustomer.org,553,KURT,1
2006-02-14 22:04:37,1,CORNISH,548,ALLAN.CORNISH@sakilacustomer.org,554,ALLAN,1
2006-02-14 22:04:37,1,CHRISTENSON,549,NELSON.CHRISTENSON@sakilacustomer.org,555,NELSON,1
2006-02-14 22:04:37,2,BROWNLEE,550,GUY.BROWNLEE@sakilacustomer.org,556,GUY,1
2006-02-14 22:04:37,2,BARBEE,551,CLAYTON.BARBEE@sakilacustomer.org,557,CLAYTON,1
2006-02-14 22:04:37,2,WALDROP,552,HUGH.WALDROP@sakilacustomer.org,558,HUGH,1
2006-02-14 22:04:37,1,PITT,553,MAX.PITT@sakilacustomer.org,559,MAX,1
2006-02-14 22:04:37,1,OLVERA,554,DWAYNE.OLVERA@sakilacustomer.org,560,DWAYNE,1
2006-02-14 22:04:37,1,LOMBARDI,555,DWIGHT.LOMBARDI@sakilacustomer.org,561,DWIGHT,1
2006-02-14 22:04:37,2,GRUBER,556,ARMANDO.GRUBER@sakilacustomer.org,562,ARMANDO,1
2006-02-14 22:04:37,1,GAFFNEY,557,FELIX.GAFFNEY@sakilacustomer.org,563,FELIX,1
2006-02-14 22:04:37,1,EGGLESTON,558,JIMMIE.EGGLESTON@sakilacustomer.org,564,JIMMIE,0
2006-02-14 22:04:37,2,BANDA,559,EVERETT.BANDA@sakilacustomer.org,565,EVERETT,1
2006-02-14 22:04:37,1,ARCHULETA,560,JORDAN.ARCHULETA@sakilacustomer.org,566,JORDAN,1
2006-02-14 22:04:37,2,STILL,561,IAN.STILL@sakilacustomer.org,567,IAN,1
2006-02-14 22:04:37,1,SLONE,562,WALLACE.SLONE@sakilacustomer.org,568,WALLACE,1
2006-02-14 22:04:37,2,PREWITT,563,KEN.PREWITT@sakilacustomer.org,569,KEN,1
2006-02-14 22:04:37,2,PFEIFFER,564,BOB.PFEIFFER@sakilacustomer.org,570,BOB,1
2006-02-14 22:04:37,2,NETTLES,565,JAIME.NETTLES@sakilacustomer.org,571,JAIME,1
2006-02-14 22:04:37,1,MENA,566,CASEY.MENA@sakilacustomer.org,572,CASEY,1
2006-02-14 22:04:37,2,MCADAMS,567,ALFREDO.MCADAMS@sakilacustomer.org,573,ALFREDO,1
2006-02-14 22:04:37,2,HENNING,568,ALBERTO.HENNING@sakilacustomer.org,574,ALBERTO,1
2006-02-14 22:04:37,2,GARDINER,569,DAVE.GARDINER@sakilacustomer.org,575,DAVE,1
2006-02-14 22:04:37,2,CROMWELL,570,IVAN.CROMWELL@sakilacustomer.org,576,IVAN,1
2006-02-14 22:04:37,2,CHISHOLM,571,JOHNNIE.CHISHOLM@sakilacustomer.org,577,JOHNNIE,1
2006-02-14 22:04:37,1,BURLESON,572,SIDNEY.BURLESON@sakilacustomer.org,578,SIDNEY,1
2006-02-14 22:04:37,1,BOX,573,BYRON.BOX@sakilacustomer.org,579,BYRON,1
2006-02-14 22:04:37,2,VEST,574,JULIAN.VEST@sakilacustomer.org,580,JULIAN,1
2006-02-14 22:04:37,2,OGLESBY,575,ISAAC.OGLESBY@sakilacustomer.org,581,ISAAC,1
2006-02-14 22:04:37,2,MCCARTER,576,MORRIS.MCCARTER@sakilacustomer.org,582,MORRIS,1
2006-02-14 22:04:37,2,MALCOLM,577,CLIFTON.MALCOLM@sakilacustomer.org,583,CLIFTON,1
2006-02-14 22:04:37,2,LUMPKIN,578,WILLARD.LUMPKIN@sakilacustomer.org,584,WILLARD,1
2006-02-14 22:04:37,2,LARUE,579,DARYL.LARUE@sakilacustomer.org,585,DARYL,1
2006-02-14 22:04:37,1,GREY,580,ROSS.GREY@sakilacustomer.org,586,ROSS,1
2006-02-14 22:04:37,1,WOFFORD,581,VIRGIL.WOFFORD@sakilacustomer.org,587,VIRGIL,1
2006-02-14 22:04:37,2,VANHORN,582,ANDY.VANHORN@sakilacustomer.org,588,ANDY,1
2006-02-14 22:04:37,1,THORN,583,MARSHALL.THORN@sakilacustomer.org,589,MARSHALL,1
2006-02-14 22:04:37,2,TEEL,584,SALVADOR.TEEL@sakilacustomer.org,590,SALVADOR,1
2006-02-14 22:04:37,1,SWAFFORD,585,PERRY.SWAFFORD@sakilacustomer.org,591,PERRY,1
2006-02-14 22:04:37,1,STCLAIR,586,KIRK.STCLAIR@sakilacustomer.org,592,KIRK,1
2006-02-14 22:04:37,1,STANFIELD,587,SERGIO.STANFIELD@sakilacustomer.org,593,SERGIO,1
2006-02-14 22:04:37,1,OCAMPO,588,MARION.OCAMPO@sakilacustomer.org,594,MARION,1
2006-02-14 22:04:37,1,HERRMANN,589,TRACY.HERRMANN@sakilacustomer.org,595,TRACY,1
2006-02-14 22:04:37,2,HANNON,590,SETH.HANNON@sakilacustomer.org,596,SETH,1
2006-02-14 22:04:37,1,ARSENAULT,591,KENT.ARSENAULT@sakilacustomer.org,597,KENT,1
2006-02-14 22:04:37,1,ROUSH,592,TERRANCE.ROUSH@sakilacustomer.org,598,TERRANCE,0
2006-02-14 22:04:37,2,MCALISTER,593,RENE.MCALISTER@sakilacustomer.org,599,RENE,1
2006-02-14 22:04:37,1,HIATT,594,EDUARDO.HIATT@sakilacustomer.org,600,EDUARDO,1
2006-02-14 22:04:37,1,GUNDERSON,595,TERRENCE.GUNDERSON@sakilacustomer.org,601,TERRENCE,1
2006-02-14 22:04:37,1,FORSYTHE,596,ENRIQUE.FORSYTHE@sakilacustomer.org,602,ENRIQUE,1
2006-02-14 22:04:37,1,DUGGAN,597,FREDDIE.DUGGAN@sakilacustomer.org,603,FREDDIE,1
2006-02-14 22:04:37,1,DELVALLE,598,WADE.DELVALLE@sakilacustomer.org,604,WADE,1
2006-02-14 22:04:37,2,CINTRON,599,AUSTIN.CINTRON@sakilacustomer.org,605,AUSTIN,1
