district,last_name,customer_id,address,create_date,active,first_name,postal_code,city_id,address2,phone,email,store_id,address_id
Nagasaki,SMITH,1,1913 Hanoi Way,2006-02-14 22:04:36,1,MARY,35200,463,,28303384290,MARY.SMITH@sakilacustomer.org,1,5
California,JOHNSON,2,1121 Loja Avenue,2006-02-14 22:04:36,1,PATRICIA,17886,449,,838635286649,PATRICIA.JOHNSON@sakilacustomer.org,1,6
Attika,WILLIAMS,3,692 Joliet Street,2006-02-14 22:04:36,1,LINDA,83579,38,,448477190408,LINDA.WILLIAMS@sakilacustomer.org,1,7
Mandalay,JONES,4,1566 Inegl Manor,2006-02-14 22:04:36,1,BARBARA,53561,349,,705814003527,BARBARA.JONES@sakilacustomer.org,2,8
Nantou,BROWN,5,53 Idfu Parkway,2006-02-14 22:04:36,1,ELIZABETH,42399,361,,10655648674,ELIZABETH.BROWN@sakilacustomer.org,1,9
Texas,DAVIS,6,1795 Santiago de Compostela Way,2006-02-14 22:04:36,1,JENNIFER,18743,295,,860452626434,JENNIFER.DAVIS@sakilacustomer.org,2,10
Central Serbia,MILLER,7,900 Santiago de Compostela Parkway,2006-02-14 22:04:36,1,MARIA,93896,280,,716571220373,MARIA.MILLER@sakilacustomer.org,1,11
Hamilton,WILSON,8,478 Joliet Way,2006-02-14 22:04:36,1,SUSAN,77948,200,,657282285970,SUSAN.WILSON@sakilacustomer.org,2,12
Masqat,MOORE,9,613 Korolev Drive,2006-02-14 22:04:36,1,MARGARET,45844,329,,380657522649,MARGARET.MOORE@sakilacustomer.org,2,13
Esfahan,TAYLOR,10,1531 Sal Drive,2006-02-14 22:04:36,1,DOROTHY,53628,162,,648856936185,DOROTHY.TAYLOR@sakilacustomer.org,1,14
Kanagawa,ANDERSON,11,1542 Tarlac Parkway,2006-02-14 22:04:36,1,LISA,1027,440,,635297277345,LISA.ANDERSON@sakilacustomer.org,2,15
Haryana,THOMAS,12,808 Bhopal Manor,2006-02-14 22:04:36,1,NANCY,10672,582,,465887807014,NANCY.THOMAS@sakilacustomer.org,1,16
Osmaniye,JACKSON,13,270 Amroha Parkway,2006-02-14 22:04:36,1,KAREN,29610,384,,695479687538,KAREN.JACKSON@sakilacustomer.org,2,17
California,WHITE,14,770 Bydgoszcz Avenue,2006-02-14 22:04:36,1,BETTY,16266,120,,517338314235,BETTY.WHITE@sakilacustomer.org,2,18
Madhya Pradesh,HARRIS,15,419 Iligan Lane,2006-02-14 22:04:36,1,HELEN,72878,76,,990911107354,HELEN.HARRIS@sakilacustomer.org,1,19
England,MARTIN,16,360 Toulouse Parkway,2006-02-14 22:04:36,0,SANDRA,54308,495,,949312333307,SANDRA.MARTIN@sakilacustomer.org,2,20
Kalmykia,THOMPSON,17,270 Toulon Boulevard,2006-02-14 22:04:36,1,DONNA,81766,156,,407752414682,DONNA.THOMPSON@sakilacustomer.org,1,21
Kaduna,GARCIA,18,320 Brest Avenue,2006-02-14 22:04:36,1,CAROL,43331,252,,747791594069,CAROL.GARCIA@sakilacustomer.org,2,22
Northern Cape,MARTINEZ,19,1417 Lancaster Avenue,2006-02-14 22:04:36,1,RUTH,72192,267,,272572357893,RUTH.MARTINEZ@sakilacustomer.org,1,23
Nothwest Border Prov,ROBINSON,20,1688 Okara Way,2006-02-14 22:04:36,1,SHARON,21954,327,,144453869132,SHARON.ROBINSON@sakilacustomer.org,2,24
Dhaka,CLARK,21,262 A Corua (La Corua) Parkway,2006-02-14 22:04:36,1,MICHELLE,34418,525,,892775750063,MICHELLE.CLARK@sakilacustomer.org,1,25
Rabat-Sal-Zammour-Z,RODRIGUEZ,22,28 Charlotte Amalie Street,2006-02-14 22:04:36,1,LAURA,37551,443,,161968374323,LAURA.RODRIGUEZ@sakilacustomer.org,1,26
Liepaja,LEWIS,23,1780 Hino Boulevard,2006-02-14 22:04:36,1,SARAH,7716,303,,902731229323,SARAH.LEWIS@sakilacustomer.org,2,27
Crdoba,LEE,24,96 Tafuna Way,2006-02-14 22:04:36,1,KIMBERLY,99865,128,,934730187245,KIMBERLY.LEE@sakilacustomer.org,2,28
Sind,WALKER,25,934 San Felipe de Puerto Plata Street,2006-02-14 22:04:36,1,DEBORAH,99780,472,,196495945706,DEBORAH.WALKER@sakilacustomer.org,1,29
,HALL,26,18 Duisburg Boulevard,2006-02-14 22:04:36,1,JESSICA,58327,121,,998009777982,JESSICA.HALL@sakilacustomer.org,2,30
Southern Mindanao,ALLEN,27,217 Botshabelo Place,2006-02-14 22:04:36,1,SHIRLEY,49521,138,,665356572025,SHIRLEY.ALLEN@sakilacustomer.org,2,31
Bihar,YOUNG,28,1425 Shikarpur Manor,2006-02-14 22:04:36,1,CYNTHIA,65599,346,,678220867005,CYNTHIA.YOUNG@sakilacustomer.org,1,32
Yamaguchi,HERNANDEZ,29,786 Aurora Avenue,2006-02-14 22:04:36,1,ANGELA,65750,474,,18461860151,ANGELA.HERNANDEZ@sakilacustomer.org,2,33
Taipei,KING,30,1668 Anpolis Street,2006-02-14 22:04:36,1,MELISSA,50199,316,,525255540978,MELISSA.KING@sakilacustomer.org,1,34
West Bengali,WRIGHT,31,33 Gorontalo Way,2006-02-14 22:04:36,1,BRENDA,30348,257,,745994947458,BRENDA.WRIGHT@sakilacustomer.org,2,35
Uttar Pradesh,LOPEZ,32,176 Mandaluyong Place,2006-02-14 22:04:36,1,AMY,65213,239,,627705991774,AMY.LOPEZ@sakilacustomer.org,1,36
Piemonte,HILL,33,127 Purnea (Purnia) Manor,2006-02-14 22:04:36,1,ANNA,79388,17,,911872220378,ANNA.HILL@sakilacustomer.org,2,37
Okayama,SCOTT,34,61 Tama Street,2006-02-14 22:04:36,1,REBECCA,94065,284,,708403338270,REBECCA.SCOTT@sakilacustomer.org,2,38
Midi-Pyrnes,GREEN,35,391 Callao Drive,2006-02-14 22:04:36,1,VIRGINIA,34021,544,,440512153169,VIRGINIA.GREEN@sakilacustomer.org,2,39
Markazi,ADAMS,36,334 Munger (Monghyr) Lane,2006-02-14 22:04:36,1,KATHLEEN,38145,31,,481183273622,KATHLEEN.ADAMS@sakilacustomer.org,2,40
Henan,BAKER,37,1440 Fukuyama Loop,2006-02-14 22:04:36,1,PAMELA,47929,362,,912257250465,PAMELA.BAKER@sakilacustomer.org,1,41
Chisinau,GONZALEZ,38,269 Cam Ranh Parkway,2006-02-14 22:04:36,1,MARTHA,34689,115,,489783829737,MARTHA.GONZALEZ@sakilacustomer.org,1,42
Esprito Santo,NELSON,39,306 Antofagasta Place,2006-02-14 22:04:36,1,DEBRA,3989,569,,378318851631,DEBRA.NELSON@sakilacustomer.org,1,43
Oriental,CARTER,40,671 Graz Street,2006-02-14 22:04:36,1,AMANDA,94399,353,,680768868518,AMANDA.CARTER@sakilacustomer.org,2,44
Yerevan,MITCHELL,41,42 Brindisi Place,2006-02-14 22:04:36,1,STEPHANIE,16744,586,,42384721397,STEPHANIE.MITCHELL@sakilacustomer.org,1,45
Nonthaburi,PEREZ,42,1632 Bislig Avenue,2006-02-14 22:04:36,1,CAROLYN,61117,394,,471675840679,CAROLYN.PEREZ@sakilacustomer.org,2,46
Tahiti,ROBERTS,43,1447 Imus Way,2006-02-14 22:04:36,1,CHRISTINE,48942,167,,539758313890,CHRISTINE.ROBERTS@sakilacustomer.org,2,47
Lipetsk,TURNER,44,1998 Halifax Drive,2006-02-14 22:04:36,1,MARIE,76022,308,,177727722820,MARIE.TURNER@sakilacustomer.org,1,48
Antofagasta,PHILLIPS,45,1718 Valencia Street,2006-02-14 22:04:36,1,JANET,37359,27,,675292816413,JANET.PHILLIPS@sakilacustomer.org,1,49
Moscow (City),CAMPBELL,46,46 Pjatigorsk Lane,2006-02-14 22:04:36,1,CATHERINE,23616,343,,262076994845,CATHERINE.CAMPBELL@sakilacustomer.org,2,50
Cear,PARKER,47,686 Garland Manor,2006-02-14 22:04:36,1,FRANCES,52535,247,,69493378813,FRANCES.PARKER@sakilacustomer.org,1,51
Tatarstan,EVANS,48,909 Garland Manor,2006-02-14 22:04:36,1,ANN,69367,367,,705800322606,ANN.EVANS@sakilacustomer.org,1,52
Mekka,EDWARDS,49,725 Isesaki Place,2006-02-14 22:04:36,1,JOYCE,74428,237,,876295323994,JOYCE.EDWARDS@sakilacustomer.org,2,53
Khartum,COLLINS,50,115 Hidalgo Parkway,2006-02-14 22:04:36,1,DIANE,80168,379,,307703950263,DIANE.COLLINS@sakilacustomer.org,1,54
California,STEWART,51,1135 Izumisano Parkway,2006-02-14 22:04:36,1,ALICE,48150,171,,171822533480,ALICE.STEWART@sakilacustomer.org,1,55
Galicia,SANCHEZ,52,939 Probolinggo Loop,2006-02-14 22:04:36,1,JULIE,4166,1,,680428310138,JULIE.SANCHEZ@sakilacustomer.org,1,56
Chiba,MORRIS,53,17 Kabul Boulevard,2006-02-14 22:04:36,1,HEATHER,38594,355,,697760867968,HEATHER.MORRIS@sakilacustomer.org,1,57
Yamaguchi,ROGERS,54,1964 Allappuzha (Alleppey) Street,2006-02-14 22:04:36,1,TERESA,48980,227,,920811325222,TERESA.ROGERS@sakilacustomer.org,1,58
Moskova,REED,55,1697 Kowloon and New Kowloon Loop,2006-02-14 22:04:36,1,DORIS,57807,49,,499352017190,DORIS.REED@sakilacustomer.org,2,59
Tahiti,COOK,56,1668 Saint Louis Place,2006-02-14 22:04:36,1,GLORIA,39072,397,,347487831378,GLORIA.COOK@sakilacustomer.org,1,60
Vaduz,MORGAN,57,943 Tokat Street,2006-02-14 22:04:36,1,EVELYN,45428,560,,889318963672,EVELYN.MORGAN@sakilacustomer.org,2,61
Sarawak,BELL,58,1114 Liepaja Street,2006-02-14 22:04:36,1,JEAN,69226,282,,212869228936,JEAN.BELL@sakilacustomer.org,1,62
Karnataka,MURPHY,59,1213 Ranchi Parkway,2006-02-14 22:04:36,1,CHERYL,94352,350,,800024380485,CHERYL.MURPHY@sakilacustomer.org,1,63
Rajasthan,BAILEY,60,81 Hodeida Way,2006-02-14 22:04:36,1,MILDRED,55561,231,,250767749542,MILDRED.BAILEY@sakilacustomer.org,1,64
Basel-Stadt,RIVERA,61,915 Ponce Place,2006-02-14 22:04:36,1,KATHERINE,83980,56,,1395251317,KATHERINE.RIVERA@sakilacustomer.org,2,65
Missouri,COOPER,62,1717 Guadalajara Lane,2006-02-14 22:04:36,1,JOAN,85505,441,,914090181665,JOAN.COOPER@sakilacustomer.org,1,66
Nebraska,RICHARDSON,63,1214 Hanoi Way,2006-02-14 22:04:36,1,ASHLEY,67055,306,,491001136577,ASHLEY.RICHARDSON@sakilacustomer.org,1,67
Sichuan,COX,64,1966 Amroha Avenue,2006-02-14 22:04:36,0,JUDITH,70385,139,,333489324603,JUDITH.COX@sakilacustomer.org,2,68
Cayenne,HOWARD,65,698 Otsu Street,2006-02-14 22:04:36,1,ROSE,71110,105,,409983924481,ROSE.HOWARD@sakilacustomer.org,2,69
Skne ln,WARD,66,1150 Kimchon Manor,2006-02-14 22:04:36,1,JANICE,96109,321,,663449333709,JANICE.WARD@sakilacustomer.org,2,70
Hunan,TORRES,67,1586 Guaruj Place,2006-02-14 22:04:36,1,KELLY,5135,579,,947233365992,KELLY.TORRES@sakilacustomer.org,1,71
Madhya Pradesh,PETERSON,68,57 Arlington Manor,2006-02-14 22:04:36,1,NICOLE,48960,475,,990214419142,NICOLE.PETERSON@sakilacustomer.org,1,72
Bchar,GRAY,69,1031 Daugavpils Parkway,2006-02-14 22:04:36,1,JUDY,59025,63,,107137400143,JUDY.GRAY@sakilacustomer.org,2,73
Mekka,RAMIREZ,70,1124 Buenaventura Drive,2006-02-14 22:04:36,1,CHRISTINA,6856,13,,407733804223,CHRISTINA.RAMIREZ@sakilacustomer.org,2,74
Eastern Visayas,JAMES,71,492 Cam Ranh Street,2006-02-14 22:04:36,1,KATHY,50805,61,,565018274456,KATHY.JAMES@sakilacustomer.org,1,75
National Capital Reg,WATSON,72,89 Allappuzha (Alleppey) Manor,2006-02-14 22:04:36,1,THERESA,75444,517,,255800440636,THERESA.WATSON@sakilacustomer.org,2,76
Chiayi,BROOKS,73,1947 Poos de Caldas Boulevard,2006-02-14 22:04:36,1,BEVERLY,60951,114,,427454485876,BEVERLY.BROOKS@sakilacustomer.org,2,77
So Paulo,KELLY,74,1206 Dos Quebradas Place,2006-02-14 22:04:36,1,DENISE,20207,431,,241832790687,DENISE.KELLY@sakilacustomer.org,1,78
Changhwa,SANDERS,75,1551 Rampur Lane,2006-02-14 22:04:36,1,TAMMY,72394,108,,251164340471,TAMMY.SANDERS@sakilacustomer.org,2,79
Pavlodar,PRICE,76,602 Paarl Street,2006-02-14 22:04:36,1,IRENE,98889,402,,896314772871,IRENE.PRICE@sakilacustomer.org,2,80
So Paulo,BENNETT,77,1692 Ede Loop,2006-02-14 22:04:36,1,JANE,9223,30,,918711376618,JANE.BENNETT@sakilacustomer.org,2,81
Uttar Pradesh,WOOD,78,936 Salzburg Lane,2006-02-14 22:04:36,1,LORI,96709,425,,875756771675,LORI.WOOD@sakilacustomer.org,1,82
Kanagawa,BARNES,79,586 Tete Way,2006-02-14 22:04:36,1,RACHEL,1079,256,,18581624103,RACHEL.BARNES@sakilacustomer.org,1,83
Oyo & Osun,ROSS,80,1888 Kabul Drive,2006-02-14 22:04:36,1,MARILYN,20936,217,,701457319790,MARILYN.ROSS@sakilacustomer.org,1,84
Mahajanga,HENDERSON,81,320 Baiyin Parkway,2006-02-14 22:04:36,1,ANDREA,37307,319,,223664661973,ANDREA.HENDERSON@sakilacustomer.org,1,85
Krim,COLEMAN,82,927 Baha Blanca Parkway,2006-02-14 22:04:36,1,KATHRYN,9495,479,,821972242086,KATHRYN.COLEMAN@sakilacustomer.org,1,86
Gauteng,JENKINS,83,929 Tallahassee Loop,2006-02-14 22:04:36,1,LOUISE,74671,497,,800716535041,LOUISE.JENKINS@sakilacustomer.org,1,87
Puebla,PERRY,84,125 Citt del Vaticano Boulevard,2006-02-14 22:04:36,1,SARA,67912,40,,48417642933,SARA.PERRY@sakilacustomer.org,2,88
England,POWELL,85,1557 Ktahya Boulevard,2006-02-14 22:04:36,1,ANNE,88002,88,,720998247660,ANNE.POWELL@sakilacustomer.org,2,89
Songkhla,LONG,86,870 Ashqelon Loop,2006-02-14 22:04:36,1,JACQUELINE,84931,489,,135117278909,JACQUELINE.LONG@sakilacustomer.org,2,90
Sucre,PATTERSON,87,1740 Portoviejo Avenue,2006-02-14 22:04:36,1,WANDA,29932,480,,198123170793,WANDA.PATTERSON@sakilacustomer.org,1,91
Cheju,HUGHES,88,1942 Ciparay Parkway,2006-02-14 22:04:36,1,BONNIE,82624,113,,978987363654,BONNIE.HUGHES@sakilacustomer.org,2,92
Buenos Aires,FLORES,89,1926 El Alto Avenue,2006-02-14 22:04:36,1,JULIA,75543,289,,846225459260,JULIA.FLORES@sakilacustomer.org,1,93
Guangdong,WASHINGTON,90,1952 Chatsworth Drive,2006-02-14 22:04:36,1,RUBY,25958,332,,991562402283,RUBY.WASHINGTON@sakilacustomer.org,2,94
Brunei and Muara,BUTLER,91,1370 Le Mans Avenue,2006-02-14 22:04:36,1,LOIS,52163,53,,345679835036,LOIS.BUTLER@sakilacustomer.org,2,95
Gois,SIMMONS,92,984 Effon-Alaiye Avenue,2006-02-14 22:04:36,1,TINA,17119,183,,132986892228,TINA.SIMMONS@sakilacustomer.org,2,96
Inner Mongolia,FOSTER,93,832 Nakhon Sawan Manor,2006-02-14 22:04:36,1,PHYLLIS,49021,592,,275595571388,PHYLLIS.FOSTER@sakilacustomer.org,1,97
Caraga,GONZALES,94,152 Kitwe Parkway,2006-02-14 22:04:36,1,NORMA,53182,82,,835433605312,NORMA.GONZALES@sakilacustomer.org,1,98
Punjab,BRYANT,95,1697 Tanauan Lane,2006-02-14 22:04:36,1,PAULA,22870,399,,4764773857,PAULA.BRYANT@sakilacustomer.org,2,99
Georgia,ALEXANDER,96,1308 Arecibo Way,2006-02-14 22:04:36,1,DIANA,30695,41,,6171054059,DIANA.ALEXANDER@sakilacustomer.org,1,100
Tete,RUSSELL,97,1599 Plock Drive,2006-02-14 22:04:36,1,ANNIE,71986,534,,817248913162,ANNIE.RUSSELL@sakilacustomer.org,2,101
Abu Dhabi,GRIFFIN,98,669 Firozabad Loop,2006-02-14 22:04:36,1,LILLIAN,92265,12,,412903167998,LILLIAN.GRIFFIN@sakilacustomer.org,1,102
Kyongsangbuk,DIAZ,99,588 Vila Velha Manor,2006-02-14 22:04:36,1,EMILY,51540,268,,333339908719,EMILY.DIAZ@sakilacustomer.org,2,103
Lipetsk,HAYES,100,1913 Kamakura Place,2006-02-14 22:04:36,1,ROBIN,97287,238,,942570536750,ROBIN.HAYES@sakilacustomer.org,1,104
Asir,MYERS,101,733 Mandaluyong Place,2006-02-14 22:04:36,1,PEGGY,77459,2,,196568435814,PEGGY.MYERS@sakilacustomer.org,1,105
Ha Darom,FORD,102,659 Vaduz Drive,2006-02-14 22:04:36,1,CRYSTAL,49708,34,,709935135487,CRYSTAL.FORD@sakilacustomer.org,1,106
Kwara & Kogi,HAMILTON,103,1177 Jelets Way,2006-02-14 22:04:36,1,GLADYS,3305,220,,484292626944,GLADYS.HAMILTON@sakilacustomer.org,1,107
Provence-Alpes-Cte,GRAHAM,104,1386 Yangor Avenue,2006-02-14 22:04:36,1,RITA,80720,543,,449216226468,RITA.GRAHAM@sakilacustomer.org,1,108
Funafuti,SULLIVAN,105,454 Nakhon Sawan Boulevard,2006-02-14 22:04:36,1,DAWN,76383,173,,963887147572,DAWN.SULLIVAN@sakilacustomer.org,1,109
Ivanovo,WALLACE,106,1867 San Juan Bautista Tuxtepec Avenue,2006-02-14 22:04:36,1,CONNIE,78311,225,,547003310357,CONNIE.WALLACE@sakilacustomer.org,1,110
Buenos Aires,WOODS,107,1532 Dzerzinsk Way,2006-02-14 22:04:36,1,FLORENCE,9599,334,,330838016880,FLORENCE.WOODS@sakilacustomer.org,1,111
Mxico,COLE,108,1002 Ahmadnagar Manor,2006-02-14 22:04:36,1,TRACY,93026,213,,371490777743,TRACY.COLE@sakilacustomer.org,1,112
North West,WEST,109,682 Junan Way,2006-02-14 22:04:36,1,EDNA,30418,273,,622255216127,EDNA.WEST@sakilacustomer.org,2,113
Hubei,JORDAN,110,804 Elista Drive,2006-02-14 22:04:36,1,TIFFANY,61069,159,,379804592943,TIFFANY.JORDAN@sakilacustomer.org,2,114
Distrito Federal,OWENS,111,1378 Alvorada Avenue,2006-02-14 22:04:36,1,CARMEN,75834,102,,272234298332,CARMEN.OWENS@sakilacustomer.org,1,115
California,REYNOLDS,112,793 Cam Ranh Avenue,2006-02-14 22:04:36,1,ROSA,87057,292,,824370924746,ROSA.REYNOLDS@sakilacustomer.org,2,116
Sucre,FISHER,113,1079 Tel Aviv-Jaffa Boulevard,2006-02-14 22:04:36,1,CINDY,10885,132,,358178933857,CINDY.FISHER@sakilacustomer.org,2,117
Nordrhein-Westfalen,ELLIS,114,442 Rae Bareli Place,2006-02-14 22:04:36,1,GRACE,24321,148,,886636413768,GRACE.ELLIS@sakilacustomer.org,2,118
Mxico,HARRISON,115,1107 Nakhon Sawan Avenue,2006-02-14 22:04:36,1,WENDY,75149,365,,867546627903,WENDY.HARRISON@sakilacustomer.org,1,119
Central Java,GIBSON,116,544 Malm Parkway,2006-02-14 22:04:36,1,VICTORIA,63502,403,,386759646229,VICTORIA.GIBSON@sakilacustomer.org,1,120
Gujarat,MCDONALD,117,1967 Sincelejo Place,2006-02-14 22:04:36,1,EDITH,73644,176,,577812616052,EDITH.MCDONALD@sakilacustomer.org,1,121
Texas,CRUZ,118,333 Goinia Way,2006-02-14 22:04:36,1,KIM,78625,185,,909029256431,KIM.CRUZ@sakilacustomer.org,1,122
al-Qalyubiya,MARSHALL,119,1987 Coacalco de Berriozbal Loop,2006-02-14 22:04:36,1,SHERRY,96065,476,,787654415858,SHERRY.MARSHALL@sakilacustomer.org,1,123
Risaralda,ORTIZ,120,241 Mosul Lane,2006-02-14 22:04:36,1,SYLVIA,76157,147,,765345144779,SYLVIA.ORTIZ@sakilacustomer.org,2,124
Uttar Pradesh,GOMEZ,121,211 Chiayi Drive,2006-02-14 22:04:36,1,JOSEPHINE,58186,164,,665993880048,JOSEPHINE.GOMEZ@sakilacustomer.org,1,125
Lima,MURRAY,122,1175 Tanauan Way,2006-02-14 22:04:36,1,THELMA,64615,305,,937222955822,THELMA.MURRAY@sakilacustomer.org,1,126
Uttar Pradesh,FREEMAN,123,117 Boa Vista Way,2006-02-14 22:04:36,1,SHANNON,6804,566,,677976133614,SHANNON.FREEMAN@sakilacustomer.org,2,127
Ktahya,WELLS,124,848 Tafuna Manor,2006-02-14 22:04:36,0,SHEILA,45142,281,,614935229095,SHEILA.WELLS@sakilacustomer.org,1,128
Gauteng,WEBB,125,569 Baicheng Lane,2006-02-14 22:04:36,1,ETHEL,60304,85,,490211944645,ETHEL.WEBB@sakilacustomer.org,1,129
So Paulo,SIMPSON,126,1666 Qomsheh Drive,2006-02-14 22:04:36,1,ELLEN,66255,410,,582835362905,ELLEN.SIMPSON@sakilacustomer.org,1,130
Smolensk,STEVENS,127,801 Hagonoy Drive,2006-02-14 22:04:36,1,ELAINE,8439,484,,237426099212,ELAINE.STEVENS@sakilacustomer.org,2,131
Slaskie,TUCKER,128,1050 Garden Grove Avenue,2006-02-14 22:04:36,1,MARJORIE,4999,236,,973047364353,MARJORIE.TUCKER@sakilacustomer.org,1,132
Shandong,PORTER,129,1854 Tieli Street,2006-02-14 22:04:36,1,CARRIE,15819,302,,509492324775,CARRIE.PORTER@sakilacustomer.org,1,133
Gois,HUNTER,130,758 Junan Lane,2006-02-14 22:04:36,1,CHARLOTTE,82639,190,,935448624185,CHARLOTTE.HUNTER@sakilacustomer.org,1,134
Taka-Karpatia,HICKS,131,1752 So Leopoldo Parkway,2006-02-14 22:04:36,1,MONICA,14014,345,,252265130067,MONICA.HICKS@sakilacustomer.org,2,135
Free State,CRAWFORD,132,898 Belm Manor,2006-02-14 22:04:36,1,ESTHER,49757,87,,707169393853,ESTHER.CRAWFORD@sakilacustomer.org,2,136
Coahuila de Zaragoza,HENRY,133,261 Saint Louis Way,2006-02-14 22:04:36,1,PAULINE,83401,541,,321944036800,PAULINE.HENRY@sakilacustomer.org,1,137
al-Qalyubiya,BOYD,134,765 Southampton Drive,2006-02-14 22:04:36,1,EMMA,4285,421,,23712411567,EMMA.BOYD@sakilacustomer.org,1,138
Maharashtra,MASON,135,943 Johannesburg Avenue,2006-02-14 22:04:36,1,JUANITA,5892,417,,90921003005,JUANITA.MASON@sakilacustomer.org,2,139
Karnataka,MORALES,136,788 Atinsk Street,2006-02-14 22:04:36,1,ANITA,81691,211,,146497509724,ANITA.MORALES@sakilacustomer.org,2,140
Gelderland,KENNEDY,137,1749 Daxian Place,2006-02-14 22:04:36,1,RHONDA,11044,29,,963369996279,RHONDA.KENNEDY@sakilacustomer.org,2,141
Inner Mongolia,WARREN,138,1587 Sullana Lane,2006-02-14 22:04:36,1,HAZEL,85769,207,,468060467018,HAZEL.WARREN@sakilacustomer.org,1,142
Ynlin,DIXON,139,1029 Dzerzinsk Manor,2006-02-14 22:04:36,1,AMBER,57519,542,,33173584456,AMBER.DIXON@sakilacustomer.org,1,143
Tennessee,RAMOS,140,1666 Beni-Mellal Place,2006-02-14 22:04:36,1,EVA,13377,123,,9099941466,EVA.RAMOS@sakilacustomer.org,1,144
Hiroshima,REYES,141,928 Jaffna Loop,2006-02-14 22:04:36,1,DEBBIE,93762,172,,581852137991,DEBBIE.REYES@sakilacustomer.org,1,145
Scotland,BURNS,142,483 Ljubertsy Parkway,2006-02-14 22:04:36,1,APRIL,60562,149,,581174211853,APRIL.BURNS@sakilacustomer.org,1,146
Kilis,GORDON,143,374 Bat Yam Boulevard,2006-02-14 22:04:36,1,LESLIE,97700,266,,923261616249,LESLIE.GORDON@sakilacustomer.org,1,147
Minsk,SHAW,144,1027 Songkhla Manor,2006-02-14 22:04:36,1,CLARA,30861,340,,563660187896,CLARA.SHAW@sakilacustomer.org,1,148
Gauteng,HOLMES,145,999 Sanaa Loop,2006-02-14 22:04:36,1,LUCILLE,3439,491,,918032330119,LUCILLE.HOLMES@sakilacustomer.org,1,149
Michigan,RICE,146,879 Newcastle Way,2006-02-14 22:04:36,1,JAMIE,90732,499,,206841104594,JAMIE.RICE@sakilacustomer.org,1,150
Saitama,ROBERTSON,147,1337 Lincoln Parkway,2006-02-14 22:04:36,1,JOANNE,99457,555,,597815221267,JOANNE.ROBERTSON@sakilacustomer.org,2,151
Saint-Denis,HUNT,148,1952 Pune Lane,2006-02-14 22:04:36,1,ELEANOR,92150,442,,354615066969,ELEANOR.HUNT@sakilacustomer.org,1,152
Massachusetts,BLACK,149,782 Mosul Street,2006-02-14 22:04:36,1,VALERIE,25545,94,,885899703621,VALERIE.BLACK@sakilacustomer.org,1,153
Michoacn de Ocampo,DANIELS,150,781 Shimonoseki Drive,2006-02-14 22:04:36,1,DANIELLE,95444,202,,632316273199,DANIELLE.DANIELS@sakilacustomer.org,2,154
Shandong,PALMER,151,1560 Jelets Boulevard,2006-02-14 22:04:36,1,MEGAN,77777,291,,189446090264,MEGAN.PALMER@sakilacustomer.org,2,155
Assam,MILLS,152,1963 Moscow Place,2006-02-14 22:04:36,1,ALICIA,64863,354,,761379480249,ALICIA.MILLS@sakilacustomer.org,1,156
Jakarta Raya,NICHOLS,153,456 Escobar Way,2006-02-14 22:04:36,1,SUZANNE,36061,232,,719202533520,SUZANNE.NICHOLS@sakilacustomer.org,2,157
Shanxi,GRANT,154,798 Cianjur Avenue,2006-02-14 22:04:36,1,MICHELE,76990,590,,499408708580,MICHELE.GRANT@sakilacustomer.org,2,158
Bern,KNIGHT,155,185 Novi Sad Place,2006-02-14 22:04:36,1,GAIL,41778,72,,904253967161,GAIL.KNIGHT@sakilacustomer.org,1,159
Ondo & Ekiti,FERGUSON,156,1367 Yantai Manor,2006-02-14 22:04:36,1,BERTHA,21294,381,,889538496300,BERTHA.FERGUSON@sakilacustomer.org,1,160
Pyongyang-si,ROSE,157,1386 Nakhon Sawan Boulevard,2006-02-14 22:04:36,1,DARLENE,53502,420,,368899174225,DARLENE.ROSE@sakilacustomer.org,2,161
North Carolina,STONE,158,369 Papeete Way,2006-02-14 22:04:36,1,VERONICA,66639,187,,170117068815,VERONICA.STONE@sakilacustomer.org,1,162
North Austria,HAWKINS,159,1440 Compton Place,2006-02-14 22:04:36,1,JILL,81037,307,,931059836497,JILL.HAWKINS@sakilacustomer.org,1,163
Moskova,DUNN,160,1623 Baha Blanca Manor,2006-02-14 22:04:36,1,ERIN,81511,310,,149981248346,ERIN.DUNN@sakilacustomer.org,2,164
Tel Aviv,PERKINS,161,97 Shimoga Avenue,2006-02-14 22:04:36,1,GERALDINE,44660,533,,177167004331,GERALDINE.PERKINS@sakilacustomer.org,1,165
Pays de la Loire,HUDSON,162,1740 Le Mans Loop,2006-02-14 22:04:36,1,LAUREN,22853,297,,168476538960,LAUREN.HUDSON@sakilacustomer.org,2,166
Gifu,SPENCER,163,1287 Xiangfan Boulevard,2006-02-14 22:04:36,1,CATHY,57844,253,,819416131190,CATHY.SPENCER@sakilacustomer.org,1,167
Adana,GARDNER,164,842 Salzburg Lane,2006-02-14 22:04:36,1,JOANN,3313,529,,697151428760,JOANN.GARDNER@sakilacustomer.org,2,168
Xinxiang,STEPHENS,165,154 Tallahassee Loop,2006-02-14 22:04:36,1,LORRAINE,62250,199,,935508855935,LORRAINE.STEPHENS@sakilacustomer.org,2,169
Lilongwe,PAYNE,166,710 San Felipe del Progreso Avenue,2006-02-14 22:04:36,1,LYNN,76901,304,,843801144113,LYNN.PAYNE@sakilacustomer.org,1,170
Maharashtra,PIERCE,167,1540 Wroclaw Drive,2006-02-14 22:04:36,1,SALLY,62686,107,,182363341674,SALLY.PIERCE@sakilacustomer.org,2,171
Gansu,BERRY,168,475 Atinsk Way,2006-02-14 22:04:36,1,REGINA,59571,240,,201705577290,REGINA.BERRY@sakilacustomer.org,1,172
Jiangxi,MATTHEWS,169,1294 Firozabad Drive,2006-02-14 22:04:36,0,ERICA,70618,407,,161801569569,ERICA.MATTHEWS@sakilacustomer.org,2,173
Rajasthan,ARNOLD,170,1877 Ezhou Lane,2006-02-14 22:04:36,1,BEATRICE,63337,550,,264541743403,BEATRICE.ARNOLD@sakilacustomer.org,1,174
Perak,WAGNER,171,316 Uruapan Street,2006-02-14 22:04:36,1,DOLORES,58194,223,,275788967899,DOLORES.WAGNER@sakilacustomer.org,2,175
Batman,WILLIS,172,29 Pyongyang Loop,2006-02-14 22:04:36,1,BERNICE,47753,58,,734780743462,BERNICE.WILLIS@sakilacustomer.org,1,176
Steiermark,RAY,173,1010 Klerksdorp Way,2006-02-14 22:04:36,1,AUDREY,6802,186,,493008546874,AUDREY.RAY@sakilacustomer.org,1,177
Miranda,WATKINS,174,1848 Salala Boulevard,2006-02-14 22:04:36,1,YVONNE,25220,373,,48265851133,YVONNE.WATKINS@sakilacustomer.org,2,178
Kerala,OLSON,175,431 Xiangtan Avenue,2006-02-14 22:04:36,1,ANNETTE,4854,18,,230250973122,ANNETTE.OLSON@sakilacustomer.org,1,179
Skikda,CARROLL,176,757 Rustenburg Avenue,2006-02-14 22:04:36,1,JUNE,89668,483,,506134035434,JUNE.CARROLL@sakilacustomer.org,1,180
Tamaulipas,DUNCAN,177,146 Johannesburg Way,2006-02-14 22:04:36,1,SAMANTHA,54132,330,,953689007081,SAMANTHA.DUNCAN@sakilacustomer.org,2,181
So Paulo,SNYDER,178,1891 Rizhao Boulevard,2006-02-14 22:04:36,1,MARION,47288,456,,391065549876,MARION.SNYDER@sakilacustomer.org,2,182
Kirov,HART,179,1089 Iwatsuki Avenue,2006-02-14 22:04:36,1,DANA,35109,270,,866092335135,DANA.HART@sakilacustomer.org,1,183
Risaralda,CUNNINGHAM,180,1410 Benin City Parkway,2006-02-14 22:04:36,1,STACY,29747,405,,104150372603,STACY.CUNNINGHAM@sakilacustomer.org,2,184
Tennessee,BRADLEY,181,682 Garden Grove Place,2006-02-14 22:04:36,1,ANA,67497,333,,72136330362,ANA.BRADLEY@sakilacustomer.org,2,185
California,LANE,182,533 al-Ayn Boulevard,2006-02-14 22:04:36,1,RENEE,8862,126,,662227486184,RENEE.LANE@sakilacustomer.org,1,186
Gois,ANDREWS,183,1839 Szkesfehrvr Parkway,2006-02-14 22:04:36,1,IDA,55709,317,,947468818183,IDA.ANDREWS@sakilacustomer.org,2,187
Noord-Brabant,RUIZ,184,741 Ambattur Manor,2006-02-14 22:04:36,1,VIVIAN,43310,438,,302590383819,VIVIAN.RUIZ@sakilacustomer.org,1,188
Chaharmahal va Bakht,HARPER,185,927 Barcelona Street,2006-02-14 22:04:36,1,ROBERTA,65121,467,,951486492670,ROBERTA.HARPER@sakilacustomer.org,1,189
West Bengali,FOX,186,435 0 Way,2006-02-14 22:04:36,1,HOLLY,74750,195,,760171523969,HOLLY.FOX@sakilacustomer.org,2,190
Sumy,RILEY,187,140 Chiayi Parkway,2006-02-14 22:04:36,1,BRITTANY,38982,506,,855863906434,BRITTANY.RILEY@sakilacustomer.org,2,191
Caraga,ARMSTRONG,188,1166 Changhwa Street,2006-02-14 22:04:36,1,MELANIE,58852,62,,650752094490,MELANIE.ARMSTRONG@sakilacustomer.org,1,192
Ontario,CARPENTER,189,891 Novi Sad Manor,2006-02-14 22:04:36,1,LORETTA,5379,383,,247646995453,LORETTA.CARPENTER@sakilacustomer.org,1,193
Tabora,WEAVER,190,605 Rio Claro Parkway,2006-02-14 22:04:36,1,YOLANDA,49348,513,,352469351088,YOLANDA.WEAVER@sakilacustomer.org,2,194
Rostov-na-Donu,GREENE,191,1077 San Felipe de Puerto Plata Place,2006-02-14 22:04:36,1,JEANETTE,65387,369,,812824036424,JEANETTE.GREENE@sakilacustomer.org,1,195
Uttar Pradesh,LAWRENCE,192,9 San Miguel de Tucumn Manor,2006-02-14 22:04:36,1,LAURIE,90845,169,,956188728558,LAURIE.LAWRENCE@sakilacustomer.org,1,196
Nyanza,ELLIOTT,193,447 Surakarta Loop,2006-02-14 22:04:36,1,KATIE,10428,271,,940830176580,KATIE.ELLIOTT@sakilacustomer.org,2,197
Tokyo-to,CHAVEZ,194,345 Oshawa Boulevard,2006-02-14 22:04:36,1,KRISTEN,32114,204,,104491201771,KRISTEN.CHAVEZ@sakilacustomer.org,2,198
Nordrhein-Westfalen,SIMS,195,1792 Valle de la Pascua Place,2006-02-14 22:04:36,1,VANESSA,15540,477,,419419591240,VANESSA.SIMS@sakilacustomer.org,1,199
Baden-Wrttemberg,AUSTIN,196,1074 Binzhou Manor,2006-02-14 22:04:36,1,ALMA,36490,325,,331132568928,ALMA.AUSTIN@sakilacustomer.org,1,200
Jiangsu,PETERS,197,817 Bradford Loop,2006-02-14 22:04:36,1,SUE,89459,109,,264286442804,SUE.PETERS@sakilacustomer.org,2,201
Ondo & Ekiti,KELLEY,198,955 Bamenda Way,2006-02-14 22:04:36,1,ELSIE,1545,218,,768481779568,ELSIE.KELLEY@sakilacustomer.org,2,202
Haiphong,FRANKLIN,199,1149 A Corua (La Corua) Boulevard,2006-02-14 22:04:36,1,BETH,95824,194,,470884141195,BETH.FRANKLIN@sakilacustomer.org,2,203
Ahal,LAWSON,200,387 Mwene-Ditu Drive,2006-02-14 22:04:36,1,JEANNE,8073,35,,764477681869,JEANNE.LAWSON@sakilacustomer.org,2,204
Nordrhein-Westfalen,FIELDS,201,68 Molodetno Manor,2006-02-14 22:04:36,1,VICKI,4662,575,,146640639760,VICKI.FIELDS@sakilacustomer.org,1,205
Maharashtra,GUTIERREZ,202,642 Nador Drive,2006-02-14 22:04:36,1,CARLA,3924,77,,369050085652,CARLA.GUTIERREZ@sakilacustomer.org,2,206
Sulawesi Utara,RYAN,203,1688 Nador Lane,2006-02-14 22:04:36,1,TARA,61613,184,,652218196731,TARA.RYAN@sakilacustomer.org,1,207
Usak,SCHMIDT,204,1215 Pyongyang Parkway,2006-02-14 22:04:36,1,ROSEMARY,25238,557,,646237101779,ROSEMARY.SCHMIDT@sakilacustomer.org,1,208
Alto Paran,CARR,205,1679 Antofagasta Street,2006-02-14 22:04:36,1,EILEEN,86599,122,,905903574913,EILEEN.CARR@sakilacustomer.org,2,209
Santa Catarina,VASQUEZ,206,1304 s-Hertogenbosch Way,2006-02-14 22:04:36,1,TERRI,10925,83,,90336226227,TERRI.VASQUEZ@sakilacustomer.org,1,210
Kitaa,CASTILLO,207,850 Salala Loop,2006-02-14 22:04:36,1,GERTRUDE,10800,371,,403404780639,GERTRUDE.CASTILLO@sakilacustomer.org,1,211
West Bengali,WHEELER,208,624 Oshawa Boulevard,2006-02-14 22:04:36,1,LUCY,89959,51,,49677664184,LUCY.WHEELER@sakilacustomer.org,1,212
Rajasthan,CHAPMAN,209,43 Dadu Avenue,2006-02-14 22:04:36,1,TONYA,4855,74,,95666951770,TONYA.CHAPMAN@sakilacustomer.org,2,213
Aden,OLIVER,210,751 Lima Loop,2006-02-14 22:04:36,1,ELLA,99405,7,,756460337785,ELLA.OLIVER@sakilacustomer.org,2,214
Jilin,MONTGOMERY,211,1333 Haldia Street,2006-02-14 22:04:36,1,STACEY,82161,174,,408304391718,STACEY.MONTGOMERY@sakilacustomer.org,1,215
Washington,RICHARDS,212,660 Jedda Boulevard,2006-02-14 22:04:36,1,WILMA,25053,65,,168758068397,WILMA.RICHARDS@sakilacustomer.org,2,216
Taizz,WILLIAMSON,213,1001 Miyakonojo Lane,2006-02-14 22:04:36,1,GINA,67924,518,,584316724815,GINA.WILLIAMSON@sakilacustomer.org,1,217
California,JOHNSTON,214,226 Brest Manor,2006-02-14 22:04:36,1,KRISTIN,2299,508,,785881412500,KRISTIN.JOHNSTON@sakilacustomer.org,1,218
Haskovo,BANKS,215,1229 Valencia Parkway,2006-02-14 22:04:36,1,JESSIE,99124,498,,352679173732,JESSIE.BANKS@sakilacustomer.org,2,219
Gois,MEYER,216,1201 Qomsheh Manor,2006-02-14 22:04:36,1,NATALIE,21464,28,,873492228462,NATALIE.MEYER@sakilacustomer.org,1,220
Uttar Pradesh,BISHOP,217,866 Shivapuri Manor,2006-02-14 22:04:36,1,AGNES,22474,448,,778502731092,AGNES.BISHOP@sakilacustomer.org,2,221
Kabol,MCCOY,218,1168 Najafabad Parkway,2006-02-14 22:04:36,1,VERA,40301,251,,886649065861,VERA.MCCOY@sakilacustomer.org,1,222
Buenos Aires,HOWELL,219,1244 Allappuzha (Alleppey) Place,2006-02-14 22:04:36,1,WILLIE,20657,567,,991802825778,WILLIE.HOWELL@sakilacustomer.org,2,223
Zanzibar West,ALVAREZ,220,1842 Luzinia Boulevard,2006-02-14 22:04:36,1,CHARLENE,94420,593,,706878974831,CHARLENE.ALVAREZ@sakilacustomer.org,2,224
Sisilia,MORRISON,221,1926 Gingoog Street,2006-02-14 22:04:36,1,BESSIE,22824,511,,469738825391,BESSIE.MORRISON@sakilacustomer.org,1,225
Jaroslavl,HANSEN,222,810 Palghat (Palakkad) Boulevard,2006-02-14 22:04:36,1,DELORES,73431,235,,516331171356,DELORES.HANSEN@sakilacustomer.org,2,226
Punjab,FERNANDEZ,223,1820 Maring Parkway,2006-02-14 22:04:36,1,MELINDA,88307,324,,99760893676,MELINDA.FERNANDEZ@sakilacustomer.org,1,227
Rajasthan,GARZA,224,60 Poos de Caldas Street,2006-02-14 22:04:36,1,PEARL,82338,243,,963063788669,PEARL.GARZA@sakilacustomer.org,2,228
Tamil Nadu,HARVEY,225,1014 Loja Manor,2006-02-14 22:04:36,1,ARLENE,66851,22,,460795526514,ARLENE.HARVEY@sakilacustomer.org,1,229
Asuncin,LITTLE,226,201 Effon-Alaiye Way,2006-02-14 22:04:36,1,MAUREEN,64344,37,,684192903087,MAUREEN.LITTLE@sakilacustomer.org,2,230
Saarland,BURTON,227,430 Alessandria Loop,2006-02-14 22:04:36,1,COLLEEN,47446,439,,669828224459,COLLEEN.BURTON@sakilacustomer.org,1,231
Phnom Penh,STANLEY,228,754 Valencia Place,2006-02-14 22:04:36,1,ALLISON,87911,406,,594319417514,ALLISON.STANLEY@sakilacustomer.org,2,232
Gois,NGUYEN,229,356 Olomouc Manor,2006-02-14 22:04:36,1,TAMARA,93323,26,,22326410776,TAMARA.NGUYEN@sakilacustomer.org,1,233
Botosani,GEORGE,230,1256 Bislig Boulevard,2006-02-14 22:04:36,1,JOY,50598,86,,479007229460,JOY.GEORGE@sakilacustomer.org,2,234
West Bengali,JACOBS,231,954 Kimchon Place,2006-02-14 22:04:36,1,GEORGIA,42420,559,,541327526474,GEORGIA.JACOBS@sakilacustomer.org,1,235
Kaduna,REID,232,885 Yingkou Manor,2006-02-14 22:04:36,1,CONSTANCE,31390,596,,588964509072,CONSTANCE.REID@sakilacustomer.org,2,236
Qina,KIM,233,1736 Cavite Place,2006-02-14 22:04:36,1,LILLIE,98775,216,,431770603551,LILLIE.KIM@sakilacustomer.org,2,237
Hawalli,FULLER,234,346 Skikda Parkway,2006-02-14 22:04:36,1,CLAUDIA,90628,233,,630424482919,CLAUDIA.FULLER@sakilacustomer.org,1,238
Valle,LYNCH,235,98 Stara Zagora Boulevard,2006-02-14 22:04:36,1,JACKIE,76448,96,,610173756082,JACKIE.LYNCH@sakilacustomer.org,1,239
Southern Tagalog,DEAN,236,1479 Rustenburg Boulevard,2006-02-14 22:04:36,1,MARCIA,18727,527,,727785483194,MARCIA.DEAN@sakilacustomer.org,1,240
Chollanam,GILBERT,237,647 A Corua (La Corua) Street,2006-02-14 22:04:36,1,TANYA,36971,357,,792557457753,TANYA.GILBERT@sakilacustomer.org,1,241
Karnataka,GARRETT,238,1964 Gijn Manor,2006-02-14 22:04:36,1,NELLIE,14408,473,,918119601885,NELLIE.GARRETT@sakilacustomer.org,1,242
West Java,ROMERO,239,47 Syktyvkar Lane,2006-02-14 22:04:36,1,MINNIE,22236,118,,63937119031,MINNIE.ROMERO@sakilacustomer.org,2,243
Fukushima,WELCH,240,1148 Saarbrcken Parkway,2006-02-14 22:04:36,1,MARLENE,1921,226,,137773001988,MARLENE.WELCH@sakilacustomer.org,1,244
Hubei,LARSON,241,1103 Bilbays Parkway,2006-02-14 22:04:36,0,HEIDI,87660,578,,279979529227,HEIDI.LARSON@sakilacustomer.org,2,245
Hebei,FRAZIER,242,1246 Boksburg Parkway,2006-02-14 22:04:36,1,GLENDA,28349,422,,890283544295,GLENDA.FRAZIER@sakilacustomer.org,1,246
Tucumn,BURKE,243,1483 Pathankot Street,2006-02-14 22:04:36,1,LYDIA,37288,454,,686015532180,LYDIA.BURKE@sakilacustomer.org,1,247
Central Visayas,HANSON,244,582 Papeete Loop,2006-02-14 22:04:36,1,VIOLA,27722,294,,569868543137,VIOLA.HANSON@sakilacustomer.org,2,248
Kyonggi,DAY,245,300 Junan Street,2006-02-14 22:04:36,1,COURTNEY,81314,553,,890289150158,COURTNEY.DAY@sakilacustomer.org,1,249
Paran,MENDOZA,246,829 Grand Prairie Way,2006-02-14 22:04:36,1,MARIAN,6461,328,,741070712873,MARIAN.MENDOZA@sakilacustomer.org,1,250
Mxico,MORENO,247,1473 Changhwa Parkway,2006-02-14 22:04:36,1,STELLA,75933,124,,266798132374,STELLA.MORENO@sakilacustomer.org,1,251
Florida,BOWMAN,248,1309 Weifang Street,2006-02-14 22:04:36,1,CAROLINE,57338,520,,435785045362,CAROLINE.BOWMAN@sakilacustomer.org,1,252
Tianjin,MEDINA,249,1760 Oshawa Manor,2006-02-14 22:04:36,1,DORA,38140,535,,56257502250,DORA.MEDINA@sakilacustomer.org,2,253
Oyo & Osun,FOWLER,250,786 Stara Zagora Way,2006-02-14 22:04:36,1,JO,98332,390,,716256596301,JO.FOWLER@sakilacustomer.org,2,254
Anhalt Sachsen,BREWER,251,1966 Tonghae Street,2006-02-14 22:04:36,1,VICKIE,36481,198,,567359279425,VICKIE.BREWER@sakilacustomer.org,2,255
England,HOFFMAN,252,1497 Yuzhou Drive,2006-02-14 22:04:36,1,MATTIE,3433,312,,246810237916,MATTIE.HOFFMAN@sakilacustomer.org,2,256
Miyazaki,CARLSON,253,752 Ondo Loop,2006-02-14 22:04:36,1,TERRY,32474,338,,134673576619,TERRY.CARLSON@sakilacustomer.org,1,258
Minas Gerais,SILVA,254,1338 Zalantun Lane,2006-02-14 22:04:36,1,MAXINE,45403,413,,840522972766,MAXINE.SILVA@sakilacustomer.org,2,259
Central Luzon,PEARSON,255,127 Iwakuni Boulevard,2006-02-14 22:04:36,1,IRMA,20777,192,,987442542471,IRMA.PEARSON@sakilacustomer.org,2,260
Sagaing,HOLLAND,256,51 Laredo Avenue,2006-02-14 22:04:36,1,MABEL,68146,342,,884536620568,MABEL.HOLLAND@sakilacustomer.org,2,261
Sofala,DOUGLAS,257,771 Yaound Manor,2006-02-14 22:04:36,1,MARSHA,86768,64,,245477603573,MARSHA.DOUGLAS@sakilacustomer.org,2,262
Santiago,FLEMING,258,532 Toulon Street,2006-02-14 22:04:36,1,MYRTLE,69517,460,,46871694740,MYRTLE.FLEMING@sakilacustomer.org,1,263
West Bengali,JENSEN,259,1027 Banjul Place,2006-02-14 22:04:36,1,LENA,50390,197,,538241037443,LENA.JENSEN@sakilacustomer.org,2,264
Shanxi,VARGAS,260,1158 Mandi Bahauddin Parkway,2006-02-14 22:04:36,1,CHRISTY,98484,136,,276555730211,CHRISTY.VARGAS@sakilacustomer.org,1,265
Cagayan Valley,BYRD,261,862 Xintai Lane,2006-02-14 22:04:36,1,DEANNA,30065,548,,265153400632,DEANNA.BYRD@sakilacustomer.org,1,266
Manab,DAVIDSON,262,816 Cayenne Parkway,2006-02-14 22:04:36,1,PATSY,93629,414,,282874611748,PATSY.DAVIDSON@sakilacustomer.org,2,267
National Capital Reg,HOPKINS,263,1831 Nam Dinh Loop,2006-02-14 22:04:36,1,HILDA,51990,323,,322888976727,HILDA.HOPKINS@sakilacustomer.org,1,268
Osaka,MAY,264,446 Kirovo-Tepetsk Lane,2006-02-14 22:04:36,1,GWENDOLYN,19428,203,,303967439816,GWENDOLYN.MAY@sakilacustomer.org,1,269
Severn Morava,TERRY,265,682 Halisahar Place,2006-02-14 22:04:36,1,JENNIE,20536,378,,475553436330,JENNIE.TERRY@sakilacustomer.org,2,270
Salzburg,HERRERA,266,1587 Loja Manor,2006-02-14 22:04:36,1,NORA,5410,447,,621625204422,NORA.HERRERA@sakilacustomer.org,2,271
Hunan,WADE,267,1762 Paarl Parkway,2006-02-14 22:04:36,1,MARGIE,53928,298,,192459639410,MARGIE.WADE@sakilacustomer.org,1,272
Kerala,SOTO,268,1519 Ilorin Place,2006-02-14 22:04:36,1,NINA,49298,395,,357445645426,NINA.SOTO@sakilacustomer.org,1,273
California,WALTERS,269,920 Kumbakonam Loop,2006-02-14 22:04:36,1,CASSANDRA,75090,446,,685010736240,CASSANDRA.WALTERS@sakilacustomer.org,1,274
Wielkopolskie,CURTIS,270,906 Goinia Way,2006-02-14 22:04:36,1,LEAH,83565,255,,701767622697,LEAH.CURTIS@sakilacustomer.org,1,275
Tamil Nadu,NEAL,271,1675 Xiangfan Manor,2006-02-14 22:04:36,0,PENNY,11763,283,,271149517630,PENNY.NEAL@sakilacustomer.org,1,276
Shandong,CALDWELL,272,85 San Felipe de Puerto Plata Drive,2006-02-14 22:04:37,1,KAY,46063,584,,170739645687,KAY.CALDWELL@sakilacustomer.org,1,277
Guanajuato,LOWE,273,144 South Hill Loop,2006-02-14 22:04:37,1,PRISCILLA,2012,445,,45387294817,PRISCILLA.LOWE@sakilacustomer.org,2,278
Haryana,JENNINGS,274,1884 Shikarpur Avenue,2006-02-14 22:04:37,1,NAOMI,85548,263,,959949395183,NAOMI.JENNINGS@sakilacustomer.org,1,279
Illinois,BARNETT,275,1980 Kamjanets-Podilskyi Street,2006-02-14 22:04:37,1,CAROLE,89502,404,,874337098891,CAROLE.BARNETT@sakilacustomer.org,2,280
Michigan,GRAVES,276,1944 Bamenda Way,2006-02-14 22:04:37,1,BRANDY,24645,573,,75975221996,BRANDY.GRAVES@sakilacustomer.org,1,281
Oyo & Osun,JIMENEZ,277,556 Baybay Manor,2006-02-14 22:04:37,1,OLGA,55802,374,,363982224739,OLGA.JIMENEZ@sakilacustomer.org,2,282
Bursa,HORTON,278,457 Tongliao Loop,2006-02-14 22:04:37,1,BILLIE,56254,222,,880756161823,BILLIE.HORTON@sakilacustomer.org,2,283
East Azerbaidzan,SHELTON,279,600 Bradford Street,2006-02-14 22:04:37,1,DIANNE,96204,514,,117592274996,DIANNE.SHELTON@sakilacustomer.org,2,284
Ondo & Ekiti,BARRETT,280,1006 Santa Brbara dOeste Manor,2006-02-14 22:04:37,1,TRACEY,36229,389,,85059738746,TRACEY.BARRETT@sakilacustomer.org,2,285
Fujian,OBRIEN,281,1308 Sumy Loop,2006-02-14 22:04:37,1,LEONA,30657,175,,583021225407,LEONA.OBRIEN@sakilacustomer.org,2,286
Ponce,CASTRO,282,1405 Chisinau Place,2006-02-14 22:04:37,1,JENNY,8160,411,,62781725285,JENNY.CASTRO@sakilacustomer.org,2,287
Xinxiang,SUTTON,283,226 Halifax Street,2006-02-14 22:04:37,1,FELICIA,58492,277,,790651020929,FELICIA.SUTTON@sakilacustomer.org,1,288
Edo & Delta,GREGORY,284,1279 Udine Parkway,2006-02-14 22:04:37,1,SONIA,75860,69,,195003555232,SONIA.GREGORY@sakilacustomer.org,1,289
Shiga,MCKINNEY,285,1336 Benin City Drive,2006-02-14 22:04:37,1,MIRIAM,46044,386,,341242939532,MIRIAM.MCKINNEY@sakilacustomer.org,1,290
Oyo & Osun,LUCAS,286,1155 Liaocheng Place,2006-02-14 22:04:37,1,VELMA,22650,152,,558236142492,VELMA.LUCAS@sakilacustomer.org,1,291
Tamil Nadu,MILES,287,1993 Tabuk Lane,2006-02-14 22:04:37,1,BECKY,64221,522,,648482415405,BECKY.MILES@sakilacustomer.org,2,292
Guanajuato,CRAIG,288,86 Higashiosaka Lane,2006-02-14 22:04:37,1,BOBBIE,33768,563,,957128697225,BOBBIE.CRAIG@sakilacustomer.org,1,293
Kowloon and New Kowl,RODRIQUEZ,289,1912 Allende Manor,2006-02-14 22:04:37,1,VIOLET,58124,279,,172262454487,VIOLET.RODRIQUEZ@sakilacustomer.org,1,294
Gurico,CHAMBERS,290,544 Tarsus Boulevard,2006-02-14 22:04:37,1,KRISTINA,53145,562,,892523334,KRISTINA.CHAMBERS@sakilacustomer.org,1,295
Virginia,HOLT,291,1936 Cuman Avenue,2006-02-14 22:04:37,1,TONI,61195,433,,976798660411,TONI.HOLT@sakilacustomer.org,1,296
Sharja,LAMBERT,292,1192 Tongliao Street,2006-02-14 22:04:37,1,MISTY,19065,470,,350970907017,MISTY.LAMBERT@sakilacustomer.org,2,297
Baskimaa,FLETCHER,293,44 Najafabad Way,2006-02-14 22:04:37,1,MAE,61391,146,,96604821070,MAE.FLETCHER@sakilacustomer.org,2,298
Ohio,WATTS,294,32 Pudukkottai Lane,2006-02-14 22:04:37,1,SHELLY,38834,140,,967274728547,SHELLY.WATTS@sakilacustomer.org,2,299
Pietari,BATES,295,661 Chisinau Lane,2006-02-14 22:04:37,1,DAISY,8856,274,,816436065431,DAISY.BATES@sakilacustomer.org,1,300
Punjab,HALE,296,951 Stara Zagora Manor,2006-02-14 22:04:37,1,RAMONA,98573,400,,429925609431,RAMONA.HALE@sakilacustomer.org,2,301
Maharashtra,RHODES,297,922 Vila Velha Loop,2006-02-14 22:04:37,1,SHERRI,4085,9,,510737228015,SHERRI.RHODES@sakilacustomer.org,1,302
Pohjois-Pohjanmaa,PENA,298,898 Jining Lane,2006-02-14 22:04:37,1,ERIKA,40070,387,,161643343536,ERIKA.PENA@sakilacustomer.org,1,303
Hiroshima,GANNON,299,1635 Kuwana Boulevard,2006-02-14 22:04:37,1,JAMES,52137,205,,710603868323,JAMES.GANNON@sakilacustomer.org,2,304
Maharashtra,FARNSWORTH,300,41 El Alto Parkway,2006-02-14 22:04:37,1,JOHN,56883,398,,51917807050,JOHN.FARNSWORTH@sakilacustomer.org,1,305
