film_id,categoria_id,nome_categoria,titolo,descrizione,data_rilascio,lingua,lingua_originale_id,durata_noleggio,tariffa_noleggio,durata,costo_sostituzione,voto
830,11,Horror,SPIRIT FLINTSTONES,A Brilliant Yarn of a Cat And a Car who must Confront a Explorer in Ancient Japan,2006,English,,7,0.99,149,23.99,R
528,8,Family,LOLITA WORLD,A Thrilling Drama of a Girl And a Robot who must Redeem a Waitress in An Abandoned Mine Shaft,2006,English,,4,2.99,155,25.99,NC-17
801,3,Children,SISTER FREDDY,A Stunning Saga of a Butler And a Woman who must Pursue a Explorer in Australia,2006,English,,5,4.99,152,19.99,PG-13
589,6,Documentary,MODERN DORADO,A Awe-Inspiring Story of a Butler And a Sumo Wrestler who must Redeem a Boy in New Orleans,2006,English,,3,0.99,74,20.99,PG
521,7,Drama,LIES TREATMENT,A Fast-Paced Character Study of a Dentist And a Moose who must Defeat a Composer in The First Manned Space Station,2006,English,,7,4.99,147,28.99,NC-17
577,15,Sports,MILE MULAN,A Lacklusture Epistle of a Cat And a Husband who must Confront a Boy in A MySQL Convention,2006,English,,4,0.99,64,10.99,PG
175,8,Family,CONFUSED CANDLES,A Stunning Epistle of a Cat And a Forensic Psychologist who must Confront a Pioneer in A Baloon,2006,English,,3,2.99,122,27.99,PG-13
228,4,Classics,DETECTIVE VISION,A Fanciful Documentary of a Pioneer And a Woman who must Redeem a Hunter in Ancient Japan,2006,English,,4,0.99,143,16.99,PG-13
244,12,Music,DORADO NOTTING,A Action-Packed Tale of a Sumo Wrestler And a A Shark who must Meet a Frisbee in California,2006,English,,5,4.99,139,26.99,NC-17
648,16,Travel,OUTLAW HANKY,A Thoughtful Story of a Astronaut And a Composer who must Conquer a Dog in The Sahara Desert,2006,English,,7,4.99,148,17.99,PG-13
59,3,Children,BEAR GRACELAND,A Astounding Saga of a Dog And a Boy who must Kill a Teacher in The First Manned Space Station,2006,English,,4,2.99,160,20.99,R
706,7,Drama,QUEEN LUKE,A Astounding Story of a Girl And a Boy who must Challenge a Composer in New Orleans,2006,English,,5,4.99,163,22.99,PG
204,7,Drama,DALMATIONS SWEDEN,A Emotional Epistle of a Moose And a Hunter who must Overcome a Robot in A Manhattan Penthouse,2006,English,,4,0.99,106,25.99,PG
903,16,Travel,TRAFFIC HOBBIT,A Amazing Epistle of a Squirrel And a Lumberjack who must Succumb a Database Administrator in A U-Boat,2006,English,,5,4.99,139,13.99,G
555,5,Comedy,MALLRATS UNITED,A Thrilling Yarn of a Waitress And a Dentist who must Find a Hunter in A Monastery,2006,English,,4,0.99,133,25.99,PG
945,6,Documentary,VIRGINIAN PLUTO,A Emotional Panorama of a Dentist And a Crocodile who must Meet a Boy in Berlin,2006,English,,5,0.99,164,22.99,R
802,1,Action,SKY MIRACLE,A Epic Drama of a Mad Scientist And a Explorer who must Succumb a Waitress in An Abandoned Fun House,2006,English,,7,2.99,132,15.99,PG
575,6,Documentary,MIDSUMMER GROUNDHOG,A Fateful Panorama of a Moose And a Dog who must Chase a Crocodile in Ancient Japan,2006,English,,3,4.99,48,27.99,G
610,8,Family,MUSIC BOONDOCK,A Thrilling Tale of a Butler And a Astronaut who must Battle a Explorer in The First Manned Space Station,2006,English,,7,0.99,129,17.99,R
540,12,Music,LUCKY FLYING,A Lacklusture Character Study of a A Shark And a Man who must Find a Forensic Psychologist in A U-Boat,2006,English,,7,2.99,97,10.99,PG-13
560,10,Games,MARS ROMAN,A Boring Drama of a Car And a Dog who must Succumb a Madman in Soviet Georgia,2006,English,,6,0.99,62,21.99,NC-17
658,11,Horror,PARIS WEEKEND,A Intrepid Story of a Squirrel And a Crocodile who must Defeat a Monkey in The Outback,2006,English,,7,2.99,121,19.99,PG-13
769,9,Foreign,SCHOOL JACKET,A Intrepid Yarn of a Monkey And a Boy who must Fight a Composer in A Manhattan Penthouse,2006,English,,5,4.99,151,21.99,PG-13
897,7,Drama,TORQUE BOUND,A Emotional Display of a Crocodile And a Husband who must Reach a Man in Ancient Japan,2006,English,,3,4.99,179,27.99,G
456,2,Animation,INCH JET,A Fateful Saga of a Womanizer And a Student who must Defeat a Butler in A Monastery,2006,English,,6,4.99,167,18.99,NC-17
41,16,Travel,ARSENIC INDEPENDENCE,A Fanciful Documentary of a Mad Cow And a Womanizer who must Find a Dentist in Berlin,2006,English,,4,0.99,137,17.99,PG
576,6,Documentary,MIGHTY LUCK,A Astounding Epistle of a Mad Scientist And a Pioneer who must Escape a Database Administrator in A MySQL Convention,2006,English,,7,2.99,122,13.99,PG
63,8,Family,BEDAZZLED MARRIED,A Astounding Character Study of a Madman And a Robot who must Meet a Mad Scientist in An Abandoned Fun House,2006,English,,6,0.99,73,21.99,PG
756,5,Comedy,SADDLE ANTITRUST,A Stunning Epistle of a Feminist And a A Shark who must Battle a Woman in An Abandoned Fun House,2006,English,,7,2.99,80,10.99,PG-13
814,5,Comedy,SNATCH SLIPPER,A Insightful Panorama of a Woman And a Feminist who must Defeat a Forensic Psychologist in Berlin,2006,English,,6,4.99,110,15.99,PG
458,8,Family,INDIAN LOVE,A Insightful Saga of a Mad Scientist And a Mad Scientist who must Kill a Astronaut in An Abandoned Fun House,2006,English,,4,0.99,135,26.99,NC-17
747,10,Games,ROXANNE REBEL,A Astounding Story of a Pastry Chef And a Database Administrator who must Fight a Man in The Outback,2006,English,,5,0.99,171,9.99,R
507,10,Games,LADYBUGS ARMAGEDDON,A Fateful Reflection of a Dog And a Mad Scientist who must Meet a Mad Scientist in New Orleans,2006,English,,4,0.99,113,13.99,NC-17
309,8,Family,FEUD FROGMEN,A Brilliant Reflection of a Database Administrator And a Mad Cow who must Chase a Woman in The Canadian Rockies,2006,English,,6,0.99,98,29.99,R
715,8,Family,RANGE MOONWALKER,A Insightful Documentary of a Hunter And a Dentist who must Confront a Crocodile in A Baloon,2006,English,,3,4.99,147,25.99,PG
693,2,Animation,POTTER CONNECTICUT,A Thrilling Epistle of a Frisbee And a Cat who must Fight a Technical Writer in Berlin,2006,English,,5,2.99,115,16.99,PG
529,5,Comedy,LONELY ELEPHANT,A Intrepid Story of a Student And a Dog who must Challenge a Explorer in Soviet Georgia,2006,English,,3,2.99,67,12.99,G
961,9,Foreign,WASH HEAVENLY,A Awe-Inspiring Reflection of a Cat And a Pioneer who must Escape a Hunter in Ancient China,2006,English,,7,4.99,161,22.99,R
743,2,Animation,ROOM ROMAN,A Awe-Inspiring Panorama of a Composer And a Secret Agent who must Sink a Composer in A Shark Tank,2006,English,,7,0.99,60,27.99,PG
595,9,Foreign,MOON BUNCH,A Beautiful Tale of a Astronaut And a Mad Cow who must Challenge a Cat in A Baloon Factory,2006,English,,7,0.99,83,20.99,PG
651,2,Animation,PACKER MADIGAN,A Epic Display of a Sumo Wrestler And a Forensic Psychologist who must Build a Woman in An Abandoned Amusement Park,2006,English,,3,0.99,84,20.99,PG-13
474,15,Sports,JADE BUNCH,A Insightful Panorama of a Squirrel And a Mad Cow who must Confront a Student in The First Manned Space Station,2006,English,,6,2.99,174,21.99,NC-17
664,1,Action,PATRIOT ROMAN,A Taut Saga of a Robot And a Database Administrator who must Challenge a Astronaut in California,2006,English,,6,2.99,65,12.99,PG
491,3,Children,JUMPING WRATH,A Touching Epistle of a Monkey And a Feminist who must Discover a Boat in Berlin,2006,English,,4,0.99,74,18.99,NC-17
671,15,Sports,PERDITION FARGO,A Fast-Paced Story of a Car And a Cat who must Outgun a Hunter in Berlin,2006,English,,7,4.99,99,27.99,NC-17
216,13,New,DAY UNFAITHFUL,A Stunning Documentary of a Composer And a Mad Scientist who must Find a Technical Writer in A U-Boat,2006,English,,3,4.99,113,16.99,G
465,13,New,INTERVIEW LIAISONS,A Action-Packed Reflection of a Student And a Butler who must Discover a Database Administrator in A Manhattan Penthouse,2006,English,,4,4.99,59,17.99,R
593,11,Horror,MONTEREY LABYRINTH,A Awe-Inspiring Drama of a Monkey And a Composer who must Escape a Feminist in A U-Boat,2006,English,,6,0.99,158,13.99,G
198,9,Foreign,CRYSTAL BREAKING,A Fast-Paced Character Study of a Feminist And a Explorer who must Face a Pastry Chef in Ancient Japan,2006,English,,6,2.99,184,22.99,NC-17
227,10,Games,DETAILS PACKER,A Epic Saga of a Waitress And a Composer who must Face a Boat in A U-Boat,2006,English,,4,4.99,88,17.99,R
194,1,Action,CROW GREASE,A Awe-Inspiring Documentary of a Woman And a Husband who must Sink a Database Administrator in The First Manned Space Station,2006,English,,6,0.99,104,22.99,PG
702,11,Horror,PULP BEVERLY,A Unbelieveable Display of a Dog And a Crocodile who must Outrace a Man in Nigeria,2006,English,,4,2.99,89,12.99,G
700,8,Family,PRIX UNDEFEATED,A Stunning Saga of a Mad Scientist And a Boat who must Overcome a Dentist in Ancient China,2006,English,,4,2.99,115,13.99,R
979,7,Drama,WITCHES PANIC,A Awe-Inspiring Drama of a Secret Agent And a Hunter who must Fight a Moose in Nigeria,2006,English,,6,4.99,100,10.99,NC-17
746,10,Games,ROUGE SQUAD,A Awe-Inspiring Drama of a Astronaut And a Frisbee who must Conquer a Mad Scientist in Australia,2006,English,,3,0.99,118,10.99,NC-17
344,3,Children,FURY MURDER,A Lacklusture Reflection of a Boat And a Forensic Psychologist who must Fight a Waitress in A Monastery,2006,English,,3,0.99,178,28.99,PG-13
636,12,Music,OLEANDER CLUE,A Boring Story of a Teacher And a Monkey who must Succumb a Forensic Psychologist in A Jet Boat,2006,English,,5,0.99,161,12.99,PG
644,2,Animation,OSCAR GOLD,A Insightful Tale of a Database Administrator And a Dog who must Face a Madman in Soviet Georgia,2006,English,,7,2.99,115,29.99,PG
277,11,Horror,ELEPHANT TROJAN,A Beautiful Panorama of a Lumberjack And a Forensic Psychologist who must Overcome a Frisbee in A Baloon,2006,English,,4,4.99,126,24.99,PG-13
241,2,Animation,DONNIE ALLEY,A Awe-Inspiring Tale of a Butler And a Frisbee who must Vanquish a Teacher in Ancient Japan,2006,English,,4,0.99,125,20.99,NC-17
670,6,Documentary,PELICAN COMFORTS,A Epic Documentary of a Boy And a Monkey who must Pursue a Astronaut in Berlin,2006,English,,4,4.99,48,17.99,PG
410,5,Comedy,HEAVEN FREEDOM,A Intrepid Story of a Butler And a Car who must Vanquish a Man in New Orleans,2006,English,,7,2.99,48,19.99,PG
169,16,Travel,COMFORTS RUSH,A Unbelieveable Panorama of a Pioneer And a Husband who must Meet a Mad Cow in An Abandoned Mine Shaft,2006,English,,3,2.99,76,19.99,NC-17
902,15,Sports,TRADING PINOCCHIO,A Emotional Character Study of a Student And a Explorer who must Discover a Frisbee in The First Manned Space Station,2006,English,,6,4.99,170,22.99,PG
776,6,Documentary,SECRET GROUNDHOG,A Astounding Story of a Cat And a Database Administrator who must Build a Technical Writer in New Orleans,2006,English,,6,4.99,90,11.99,PG
1000,5,Comedy,ZORRO ARK,A Intrepid Panorama of a Mad Scientist And a Boy who must Redeem a Boy in A Monastery,2006,English,,3,4.99,50,18.99,NC-17
379,7,Drama,GREEDY ROOTS,A Amazing Reflection of a A Shark And a Butler who must Chase a Hunter in The Canadian Rockies,2006,English,,7,0.99,166,14.99,R
433,2,Animation,HORN WORKING,A Stunning Display of a Mad Scientist And a Technical Writer who must Succumb a Monkey in A Shark Tank,2006,English,,4,2.99,95,23.99,PG
900,9,Foreign,TOWN ARK,A Awe-Inspiring Documentary of a Moose And a Madman who must Meet a Dog in An Abandoned Mine Shaft,2006,English,,6,2.99,136,17.99,R
863,14,Sci-Fi,SUN CONFESSIONS,A Beautiful Display of a Mad Cow And a Dog who must Redeem a Waitress in An Abandoned Amusement Park,2006,English,,5,0.99,141,9.99,R
821,9,Foreign,SORORITY QUEEN,A Fast-Paced Display of a Squirrel And a Composer who must Fight a Forensic Psychologist in A Jet Boat,2006,English,,6,0.99,184,17.99,NC-17
217,10,Games,DAZED PUNK,A Action-Packed Story of a Pioneer And a Technical Writer who must Discover a Forensic Psychologist in An Abandoned Amusement Park,2006,English,,6,4.99,120,20.99,G
788,6,Documentary,SHIP WONDERLAND,A Thrilling Saga of a Monkey And a Frisbee who must Escape a Explorer in The Outback,2006,English,,5,2.99,104,15.99,R
933,13,New,VAMPIRE WHALE,A Epic Story of a Lumberjack And a Monkey who must Confront a Pioneer in A MySQL Convention,2006,English,,4,4.99,126,11.99,NC-17
785,16,Travel,SHAWSHANK BUBBLE,A Lacklusture Story of a Moose And a Monkey who must Confront a Butler in An Abandoned Amusement Park,2006,English,,6,4.99,80,20.99,PG
770,9,Foreign,SCISSORHANDS SLUMS,A Awe-Inspiring Drama of a Girl And a Technical Writer who must Meet a Feminist in The Canadian Rockies,2006,English,,5,2.99,147,13.99,G
35,11,Horror,ARACHNOPHOBIA ROLLERCOASTER,A Action-Packed Reflection of a Pastry Chef And a Composer who must Discover a Mad Scientist in The First Manned Space Station,2006,English,,4,2.99,147,24.99,PG-13
569,2,Animation,MENAGERIE RUSHMORE,A Unbelieveable Panorama of a Composer And a Butler who must Overcome a Database Administrator in The First Manned Space Station,2006,English,,7,2.99,147,18.99,G
638,5,Comedy,OPERATION OPERATION,A Intrepid Character Study of a Man And a Frisbee who must Overcome a Madman in Ancient China,2006,English,,7,2.99,156,23.99,G
727,8,Family,RESURRECTION SILVERADO,A Epic Yarn of a Robot And a Explorer who must Challenge a Girl in A MySQL Convention,2006,English,,6,0.99,117,12.99,PG
336,6,Documentary,FRENCH HOLIDAY,A Thrilling Epistle of a Dog And a Feminist who must Kill a Madman in Berlin,2006,English,,5,4.99,99,22.99,PG
402,2,Animation,HARPER DYING,A Awe-Inspiring Reflection of a Woman And a Cat who must Confront a Feminist in The Sahara Desert,2006,English,,3,0.99,52,15.99,G
655,14,Sci-Fi,PANTHER REDS,A Brilliant Panorama of a Moose And a Man who must Reach a Teacher in The Gulf of Mexico,2006,English,,5,4.99,109,22.99,NC-17
751,13,New,RUNAWAY TENENBAUMS,A Thoughtful Documentary of a Boat And a Man who must Meet a Boat in An Abandoned Fun House,2006,English,,6,0.99,181,17.99,NC-17
89,2,Animation,BORROWERS BEDAZZLED,A Brilliant Epistle of a Teacher And a Sumo Wrestler who must Defeat a Man in An Abandoned Fun House,2006,English,,7,0.99,63,22.99,G
498,8,Family,KILLER INNOCENT,A Fanciful Character Study of a Student And a Explorer who must Succumb a Composer in An Abandoned Mine Shaft,2006,English,,7,2.99,161,11.99,R
57,16,Travel,BASIC EASY,A Stunning Epistle of a Man And a Husband who must Reach a Mad Scientist in A Jet Boat,2006,English,,4,2.99,90,18.99,PG-13
494,11,Horror,KARATE MOON,A Astounding Yarn of a Womanizer And a Dog who must Reach a Waitress in A MySQL Convention,2006,English,,4,0.99,120,21.99,PG-13
293,15,Sports,EXORCIST STING,A Touching Drama of a Dog And a Sumo Wrestler who must Conquer a Mad Scientist in Berlin,2006,English,,6,2.99,167,17.99,G
115,1,Action,CAMPUS REMEMBER,A Astounding Drama of a Crocodile And a Mad Cow who must Build a Robot in A Jet Boat,2006,English,,5,2.99,167,27.99,R
877,12,Music,TAXI KICK,A Amazing Epistle of a Girl And a Woman who must Outrace a Waitress in Soviet Georgia,2006,English,,4,0.99,64,23.99,PG-13
360,1,Action,GLASS DYING,A Astounding Drama of a Frisbee And a Astronaut who must Fight a Dog in Ancient Japan,2006,English,,4,0.99,103,24.99,G
374,14,Sci-Fi,GRAFFITI LOVE,A Unbelieveable Epistle of a Sumo Wrestler And a Hunter who must Build a Composer in Berlin,2006,English,,3,0.99,117,29.99,PG
894,16,Travel,TOMATOES HELLFIGHTERS,A Thoughtful Epistle of a Madman And a Astronaut who must Overcome a Monkey in A Shark Tank,2006,English,,6,0.99,68,23.99,PG
124,3,Children,CASPER DRAGONFLY,A Intrepid Documentary of a Boat And a Crocodile who must Chase a Robot in The Sahara Desert,2006,English,,3,4.99,163,16.99,PG-13
139,8,Family,CHASING FIGHT,A Astounding Saga of a Technical Writer And a Butler who must Battle a Butler in A Shark Tank,2006,English,,7,4.99,114,21.99,PG
415,11,Horror,HIGH ENCINO,A Fateful Saga of a Waitress And a Hunter who must Outrace a Sumo Wrestler in Australia,2006,English,,3,2.99,84,23.99,R
272,7,Drama,EDGE KISSING,A Beautiful Yarn of a Composer And a Mad Cow who must Redeem a Mad Scientist in A Jet Boat,2006,English,,5,4.99,153,9.99,NC-17
450,3,Children,IDOLS SNATCHERS,A Insightful Drama of a Car And a Composer who must Fight a Man in A Monastery,2006,English,,5,2.99,84,29.99,NC-17
652,4,Classics,PAJAMA JAWBREAKER,A Emotional Drama of a Boy And a Technical Writer who must Redeem a Sumo Wrestler in California,2006,English,,3,0.99,126,14.99,R
859,2,Animation,SUGAR WONKA,A Touching Story of a Dentist And a Database Administrator who must Conquer a Astronaut in An Abandoned Amusement Park,2006,English,,3,4.99,114,20.99,PG
841,15,Sports,STAR OPERATION,A Insightful Character Study of a Girl And a Car who must Pursue a Mad Cow in A Shark Tank,2006,English,,5,2.99,181,9.99,PG
56,1,Action,BAREFOOT MANCHURIAN,A Intrepid Story of a Cat And a Student who must Vanquish a Girl in An Abandoned Amusement Park,2006,English,,6,2.99,129,15.99,G
386,16,Travel,GUMP DATE,A Intrepid Yarn of a Explorer And a Student who must Kill a Husband in An Abandoned Mine Shaft,2006,English,,3,4.99,53,12.99,NC-17
341,4,Classics,FROST HEAD,A Amazing Reflection of a Lumberjack And a Cat who must Discover a Husband in A MySQL Convention,2006,English,,5,0.99,82,13.99,PG
586,1,Action,MOCKINGBIRD HOLLYWOOD,A Thoughtful Panorama of a Man And a Car who must Sink a Composer in Berlin,2006,English,,4,0.99,60,27.99,PG
235,14,Sci-Fi,DIVIDE MONSTER,A Intrepid Saga of a Man And a Forensic Psychologist who must Reach a Squirrel in A Monastery,2006,English,,6,2.99,68,13.99,PG-13
777,15,Sports,SECRETARY ROUGE,A Action-Packed Panorama of a Mad Cow And a Composer who must Discover a Robot in A Baloon Factory,2006,English,,5,4.99,158,10.99,PG
316,10,Games,FIRE WOLVES,A Intrepid Documentary of a Frisbee And a Dog who must Outrace a Lumberjack in Nigeria,2006,English,,5,4.99,173,18.99,R
484,4,Classics,JERK PAYCHECK,A Touching Character Study of a Pastry Chef And a Database Administrator who must Reach a A Shark in Ancient Japan,2006,English,,3,2.99,172,13.99,NC-17
27,15,Sports,ANONYMOUS HUMAN,A Amazing Reflection of a Database Administrator And a Astronaut who must Outrace a Database Administrator in A Shark Tank,2006,English,,7,0.99,179,12.99,NC-17
909,11,Horror,TREASURE COMMAND,A Emotional Saga of a Car And a Madman who must Discover a Pioneer in California,2006,English,,3,0.99,102,28.99,PG-13
862,4,Classics,SUMMER SCARFACE,A Emotional Panorama of a Lumberjack And a Hunter who must Meet a Girl in A Shark Tank,2006,English,,5,0.99,53,25.99,G
267,13,New,EAGLES PANKY,A Thoughtful Story of a Car And a Boy who must Find a A Shark in The Sahara Desert,2006,English,,4,4.99,140,14.99,NC-17
460,9,Foreign,INNOCENT USUAL,A Beautiful Drama of a Pioneer And a Crocodile who must Challenge a Student in The Outback,2006,English,,3,4.99,178,26.99,PG-13
151,14,Sci-Fi,CINCINATTI WHISPERER,A Brilliant Saga of a Pastry Chef And a Hunter who must Confront a Butler in Berlin,2006,English,,5,4.99,143,26.99,NC-17
847,13,New,STOCK GLASS,A Boring Epistle of a Crocodile And a Lumberjack who must Outgun a Moose in Ancient China,2006,English,,7,2.99,160,10.99,PG
539,7,Drama,LUCK OPUS,A Boring Display of a Moose And a Squirrel who must Outrace a Teacher in A Shark Tank,2006,English,,7,2.99,152,21.99,NC-17
606,15,Sports,MUMMY CREATURES,A Fateful Character Study of a Crocodile And a Monkey who must Meet a Dentist in Australia,2006,English,,3,0.99,160,15.99,NC-17
820,2,Animation,SONS INTERVIEW,A Taut Character Study of a Explorer And a Mad Cow who must Battle a Hunter in Ancient China,2006,English,,3,2.99,184,11.99,NC-17
459,9,Foreign,INFORMER DOUBLE,A Action-Packed Display of a Woman And a Dentist who must Redeem a Forensic Psychologist in The Canadian Rockies,2006,English,,4,4.99,74,23.99,NC-17
696,2,Animation,PRIDE ALAMO,A Thoughtful Drama of a A Shark And a Forensic Psychologist who must Vanquish a Student in Ancient India,2006,English,,6,0.99,114,20.99,NC-17
137,14,Sci-Fi,CHARADE DUFFEL,A Action-Packed Display of a Man And a Waitress who must Build a Dog in A MySQL Convention,2006,English,,3,2.99,66,21.99,PG
618,7,Drama,NECKLACE OUTBREAK,A Astounding Epistle of a Database Administrator And a Mad Scientist who must Pursue a Cat in California,2006,English,,3,0.99,132,21.99,PG
893,14,Sci-Fi,TITANS JERK,A Unbelieveable Panorama of a Feminist And a Sumo Wrestler who must Challenge a Technical Writer in Ancient China,2006,English,,4,4.99,91,11.99,PG
247,5,Comedy,DOWNHILL ENOUGH,A Emotional Tale of a Pastry Chef And a Forensic Psychologist who must Succumb a Monkey in The Sahara Desert,2006,English,,3,0.99,47,19.99,G
594,1,Action,MONTEZUMA COMMAND,A Thrilling Reflection of a Waitress And a Butler who must Battle a Butler in A Jet Boat,2006,English,,6,0.99,126,22.99,NC-17
481,13,New,JEKYLL FROGMEN,A Fanciful Epistle of a Student And a Astronaut who must Kill a Waitress in A Shark Tank,2006,English,,4,2.99,58,22.99,PG
926,6,Documentary,UNTOUCHABLES SUNRISE,A Amazing Documentary of a Woman And a Astronaut who must Outrace a Teacher in An Abandoned Fun House,2006,English,,5,2.99,120,11.99,NC-17
383,15,Sports,GROOVE FICTION,A Unbelieveable Reflection of a Moose And a A Shark who must Defeat a Lumberjack in An Abandoned Mine Shaft,2006,English,,6,0.99,111,13.99,NC-17
219,6,Documentary,DEEP CRUSADE,A Amazing Tale of a Crocodile And a Squirrel who must Discover a Composer in Australia,2006,English,,6,4.99,51,20.99,PG-13
243,2,Animation,DOORS PRESIDENT,A Awe-Inspiring Display of a Squirrel And a Woman who must Overcome a Boy in The Gulf of Mexico,2006,English,,3,4.99,49,22.99,NC-17
613,5,Comedy,MYSTIC TRUMAN,A Epic Yarn of a Teacher And a Hunter who must Outgun a Explorer in Soviet Georgia,2006,English,,5,0.99,92,19.99,NC-17
147,8,Family,CHOCOLAT HARRY,A Action-Packed Epistle of a Dentist And a Moose who must Meet a Mad Cow in Ancient Japan,2006,English,,5,0.99,101,16.99,NC-17
20,12,Music,AMELIE HELLFIGHTERS,A Boring Drama of a Woman And a Squirrel who must Conquer a Student in A Baloon,2006,English,,4,4.99,79,23.99,R
603,8,Family,MOVIE SHAKESPEARE,A Insightful Display of a Database Administrator And a Student who must Build a Hunter in Berlin,2006,English,,6,4.99,53,27.99,PG
660,5,Comedy,PARTY KNOCK,A Fateful Display of a Technical Writer And a Butler who must Battle a Sumo Wrestler in An Abandoned Mine Shaft,2006,English,,7,2.99,107,11.99,PG
71,8,Family,BILKO ANONYMOUS,A Emotional Reflection of a Teacher And a Man who must Meet a Cat in The First Manned Space Station,2006,English,,3,4.99,100,25.99,PG-13
326,2,Animation,FLYING HOOK,A Thrilling Display of a Mad Cow And a Dog who must Challenge a Frisbee in Nigeria,2006,English,,6,2.99,69,18.99,NC-17
656,16,Travel,PAPI NECKLACE,A Fanciful Display of a Car And a Monkey who must Escape a Squirrel in Ancient Japan,2006,English,,3,0.99,128,9.99,PG
975,8,Family,WILLOW TRACY,A Brilliant Panorama of a Boat And a Astronaut who must Challenge a Teacher in A Manhattan Penthouse,2006,English,,6,2.99,137,22.99,R
487,4,Classics,JINGLE SAGEBRUSH,A Epic Character Study of a Feminist And a Student who must Meet a Woman in A Baloon,2006,English,,6,4.99,124,29.99,PG-13
723,14,Sci-Fi,REIGN GENTLEMEN,A Emotional Yarn of a Composer And a Man who must Escape a Butler in The Gulf of Mexico,2006,English,,3,2.99,82,29.99,PG-13
957,9,Foreign,WAR NOTTING,A Boring Drama of a Teacher And a Sumo Wrestler who must Challenge a Secret Agent in The Canadian Rockies,2006,English,,7,4.99,80,26.99,G
37,4,Classics,ARIZONA BANG,A Brilliant Panorama of a Mad Scientist And a Mad Cow who must Meet a Pioneer in A Monastery,2006,English,,3,2.99,121,28.99,PG
624,10,Games,NIGHTMARE CHILL,A Brilliant Display of a Robot And a Butler who must Fight a Waitress in An Abandoned Mine Shaft,2006,English,,3,4.99,149,25.99,PG
892,2,Animation,TITANIC BOONDOCK,A Brilliant Reflection of a Feminist And a Dog who must Fight a Boy in A Baloon Factory,2006,English,,3,4.99,104,18.99,R
192,9,Foreign,CROSSING DIVORCE,A Beautiful Documentary of a Dog And a Robot who must Redeem a Womanizer in Berlin,2006,English,,4,4.99,50,19.99,R
628,15,Sports,NORTHWEST POLISH,A Boring Character Study of a Boy And a A Shark who must Outrace a Womanizer in The Outback,2006,English,,5,2.99,172,24.99,PG
489,2,Animation,JUGGLER HARDLY,A Epic Story of a Mad Cow And a Astronaut who must Challenge a Car in California,2006,English,,4,0.99,54,14.99,PG-13
686,13,New,PLUTO OLEANDER,A Action-Packed Reflection of a Car And a Moose who must Outgun a Car in A Shark Tank,2006,English,,5,4.99,84,9.99,R
761,3,Children,SANTA PARIS,A Emotional Documentary of a Moose And a Car who must Redeem a Mad Cow in A Baloon Factory,2006,English,,7,2.99,154,23.99,PG
915,1,Action,TRUMAN CRAZY,A Thrilling Epistle of a Moose And a Boy who must Meet a Database Administrator in A Monastery,2006,English,,7,4.99,92,9.99,G
510,2,Animation,LAWLESS VISION,A Insightful Yarn of a Boy And a Sumo Wrestler who must Outgun a Car in The Outback,2006,English,,6,4.99,181,29.99,G
372,15,Sports,GRACELAND DYNAMITE,A Taut Display of a Cat And a Girl who must Overcome a Database Administrator in New Orleans,2006,English,,5,4.99,140,26.99,R
478,5,Comedy,JAWS HARRY,A Thrilling Display of a Database Administrator And a Monkey who must Overcome a Dog in An Abandoned Fun House,2006,English,,4,2.99,112,10.99,G
345,8,Family,GABLES METROPOLIS,A Fateful Display of a Cat And a Pioneer who must Challenge a Pastry Chef in A Baloon Factory,2006,English,,3,0.99,161,17.99,PG
285,14,Sci-Fi,ENGLISH BULWORTH,A Intrepid Epistle of a Pastry Chef And a Pastry Chef who must Pursue a Crocodile in Ancient China,2006,English,,3,0.99,51,18.99,PG-13
852,3,Children,STRANGELOVE DESIRE,A Awe-Inspiring Panorama of a Lumberjack And a Waitress who must Defeat a Crocodile in An Abandoned Amusement Park,2006,English,,4,0.99,103,27.99,NC-17
8,11,Horror,AIRPORT POLLOCK,A Epic Tale of a Moose And a Girl who must Confront a Monkey in Ancient India,2006,English,,6,4.99,54,15.99,R
549,1,Action,MAGNOLIA FORRESTER,A Thoughtful Documentary of a Composer And a Explorer who must Conquer a Dentist in New Orleans,2006,English,,4,0.99,171,28.99,PG-13
684,10,Games,PIZZA JUMANJI,A Epic Saga of a Cat And a Squirrel who must Outgun a Robot in A U-Boat,2006,English,,4,2.99,173,11.99,NC-17
337,9,Foreign,FRIDA SLIPPER,A Fateful Story of a Lumberjack And a Car who must Escape a Boat in An Abandoned Mine Shaft,2006,English,,6,2.99,73,11.99,R
369,14,Sci-Fi,GOODFELLAS SALUTE,A Unbelieveable Tale of a Dog And a Explorer who must Sink a Mad Cow in A Baloon Factory,2006,English,,4,4.99,56,22.99,PG
853,3,Children,STRANGER STRANGERS,A Awe-Inspiring Yarn of a Womanizer And a Explorer who must Fight a Woman in The First Manned Space Station,2006,English,,3,4.99,139,12.99,G
506,11,Horror,LADY STAGE,A Beautiful Character Study of a Woman And a Man who must Pursue a Explorer in A U-Boat,2006,English,,4,4.99,67,14.99,PG
111,1,Action,CADDYSHACK JEDI,A Awe-Inspiring Epistle of a Woman And a Madman who must Fight a Robot in Soviet Georgia,2006,English,,3,0.99,52,17.99,NC-17
26,14,Sci-Fi,ANNIE IDENTITY,A Amazing Panorama of a Pastry Chef And a Boat who must Escape a Woman in An Abandoned Amusement Park,2006,English,,3,0.99,86,15.99,G
582,2,Animation,MIRACLE VIRTUAL,A Touching Epistle of a Butler And a Boy who must Find a Mad Scientist in The Sahara Desert,2006,English,,3,2.99,162,19.99,PG-13
324,5,Comedy,FLINTSTONES HAPPINESS,A Fateful Story of a Husband And a Moose who must Vanquish a Boy in California,2006,English,,3,4.99,148,11.99,PG-13
332,5,Comedy,FRANKENSTEIN STRANGER,A Insightful Character Study of a Feminist And a Pioneer who must Pursue a Pastry Chef in Nigeria,2006,English,,7,0.99,159,16.99,NC-17
993,3,Children,WRONG BEHAVIOR,A Emotional Saga of a Crocodile And a Sumo Wrestler who must Discover a Mad Cow in New Orleans,2006,English,,6,2.99,178,10.99,PG-13
969,7,Drama,WEST LION,A Intrepid Drama of a Butler And a Lumberjack who must Challenge a Database Administrator in A Manhattan Penthouse,2006,English,,4,4.99,159,29.99,G
878,16,Travel,TEEN APOLLO,A Awe-Inspiring Drama of a Dog And a Man who must Escape a Robot in A Shark Tank,2006,English,,3,4.99,74,25.99,G
768,3,Children,SCARFACE BANG,A Emotional Yarn of a Teacher And a Girl who must Find a Teacher in A Baloon Factory,2006,English,,3,4.99,102,11.99,PG-13
43,8,Family,ATLANTIS CAUSE,A Thrilling Yarn of a Feminist And a Hunter who must Fight a Technical Writer in A Shark Tank,2006,English,,6,2.99,170,15.99,G
73,14,Sci-Fi,BINGO TALENTED,A Touching Tale of a Girl And a Crocodile who must Discover a Waitress in Nigeria,2006,English,,5,2.99,150,22.99,PG-13
813,15,Sports,SMOOCHY CONTROL,A Thrilling Documentary of a Husband And a Feminist who must Face a Mad Scientist in Ancient China,2006,English,,7,0.99,184,18.99,R
825,1,Action,SPEAKEASY DATE,A Lacklusture Drama of a Forensic Psychologist And a Car who must Redeem a Man in A Manhattan Penthouse,2006,English,,6,2.99,165,22.99,PG-13
343,3,Children,FULL FLATLINERS,A Beautiful Documentary of a Astronaut And a Moose who must Pursue a Monkey in A Shark Tank,2006,English,,6,2.99,94,14.99,PG
363,12,Music,GO PURPLE,A Fast-Paced Display of a Car And a Database Administrator who must Battle a Woman in A Baloon,2006,English,,3,0.99,54,12.99,R
245,2,Animation,DOUBLE WRATH,A Thoughtful Yarn of a Womanizer And a Dog who must Challenge a Madman in The Gulf of Mexico,2006,English,,4,0.99,177,28.99,R
159,5,Comedy,CLOSER BANG,A Unbelieveable Panorama of a Frisbee And a Hunter who must Vanquish a Monkey in Ancient India,2006,English,,5,4.99,58,12.99,R
490,13,New,JUMANJI BLADE,A Intrepid Yarn of a Husband And a Womanizer who must Pursue a Mad Scientist in New Orleans,2006,English,,4,2.99,121,13.99,G
499,8,Family,KING EVOLUTION,A Action-Packed Tale of a Boy And a Lumberjack who must Chase a Madman in A Baloon,2006,English,,3,4.99,184,24.99,NC-17
760,13,New,SAMURAI LION,A Fast-Paced Story of a Pioneer And a Astronaut who must Reach a Boat in A Baloon,2006,English,,5,2.99,110,21.99,G
829,8,Family,SPINAL ROCKY,A Lacklusture Epistle of a Sumo Wrestler And a Squirrel who must Defeat a Explorer in California,2006,English,,7,2.99,138,12.99,PG-13
417,1,Action,HILLS NEIGHBORS,A Epic Display of a Hunter And a Feminist who must Sink a Car in A U-Boat,2006,English,,5,0.99,93,29.99,G
22,13,New,AMISTAD MIDSUMMER,A Emotional Character Study of a Dentist And a Crocodile who must Meet a Sumo Wrestler in California,2006,English,,6,2.99,85,10.99,G
4,11,Horror,AFFAIR PREJUDICE,A Fanciful Documentary of a Frisbee And a Lumberjack who must Chase a Monkey in A Shark Tank,2006,English,,5,2.99,117,26.99,G
438,10,Games,HUMAN GRAFFITI,A Beautiful Reflection of a Womanizer And a Sumo Wrestler who must Chase a Database Administrator in The Gulf of Mexico,2006,English,,3,2.99,68,22.99,NC-17
83,8,Family,BLUES INSTINCT,A Insightful Documentary of a Boat And a Composer who must Meet a Forensic Psychologist in An Abandoned Fun House,2006,English,,5,2.99,50,18.99,G
451,16,Travel,IGBY MAKER,A Epic Documentary of a Hunter And a Dog who must Outgun a Dog in A Baloon Factory,2006,English,,7,4.99,160,12.99,NC-17
354,3,Children,GHOST GROUNDHOG,A Brilliant Panorama of a Madman And a Composer who must Succumb a Car in Ancient India,2006,English,,6,4.99,85,18.99,G
805,2,Animation,SLEEPLESS MONSOON,A Amazing Saga of a Moose And a Pastry Chef who must Escape a Butler in Australia,2006,English,,5,4.99,64,12.99,G
154,2,Animation,CLASH FREDDY,A Amazing Yarn of a Composer And a Squirrel who must Escape a Astronaut in Australia,2006,English,,6,2.99,81,12.99,G
726,9,Foreign,RESERVOIR ADAPTATION,A Intrepid Drama of a Teacher And a Moose who must Kill a Car in California,2006,English,,7,2.99,61,29.99,PG-13
806,13,New,SLEEPY JAPANESE,A Emotional Epistle of a Moose And a Composer who must Fight a Technical Writer in The Outback,2006,English,,4,2.99,137,25.99,PG
86,12,Music,BOOGIE AMELIE,A Lacklusture Character Study of a Husband And a Sumo Wrestler who must Succumb a Technical Writer in The Gulf of Mexico,2006,English,,6,4.99,121,11.99,R
730,13,New,RIDGEMONT SUBMARINE,A Unbelieveable Drama of a Waitress And a Composer who must Sink a Mad Cow in Ancient Japan,2006,English,,3,0.99,46,28.99,PG-13
312,14,Sci-Fi,FIDDLER LOST,A Boring Tale of a Squirrel And a Dog who must Challenge a Madman in The Gulf of Mexico,2006,English,,4,4.99,75,20.99,R
112,9,Foreign,CALENDAR GUNFIGHT,A Thrilling Drama of a Frisbee And a Lumberjack who must Sink a Man in Nigeria,2006,English,,4,4.99,120,22.99,NC-17
883,3,Children,TEQUILA PAST,A Action-Packed Panorama of a Mad Scientist And a Robot who must Challenge a Student in Nigeria,2006,English,,6,4.99,53,17.99,PG
291,15,Sports,EVOLUTION ALTER,A Fanciful Character Study of a Feminist And a Madman who must Find a Explorer in A Baloon Factory,2006,English,,5,0.99,174,10.99,PG-13
141,10,Games,CHICAGO NORTH,A Fateful Yarn of a Mad Cow And a Waitress who must Battle a Student in California,2006,English,,6,4.99,185,11.99,PG-13
271,1,Action,EASY GLADIATOR,A Fateful Story of a Monkey And a Girl who must Overcome a Pastry Chef in Ancient India,2006,English,,5,4.99,148,12.99,G
390,14,Sci-Fi,GUYS FALCON,A Boring Story of a Woman And a Feminist who must Redeem a Squirrel in A U-Boat,2006,English,,4,4.99,84,20.99,R
889,3,Children,TIES HUNGER,A Insightful Saga of a Astronaut And a Explorer who must Pursue a Mad Scientist in A U-Boat,2006,English,,3,4.99,111,28.99,R
359,8,Family,GLADIATOR WESTWARD,A Astounding Reflection of a Squirrel And a Sumo Wrestler who must Sink a Dentist in Ancient Japan,2006,English,,6,4.99,173,20.99,PG
854,11,Horror,STRANGERS GRAFFITI,A Brilliant Character Study of a Secret Agent And a Man who must Find a Cat in The Gulf of Mexico,2006,English,,4,4.99,119,22.99,R
816,2,Animation,SNOWMAN ROLLERCOASTER,A Fateful Display of a Lumberjack And a Girl who must Succumb a Mad Cow in A Manhattan Penthouse,2006,English,,3,0.99,62,27.99,G
349,2,Animation,GANGS PRIDE,A Taut Character Study of a Woman And a A Shark who must Confront a Frisbee in Berlin,2006,English,,4,2.99,185,27.99,PG-13
195,14,Sci-Fi,CROWDS TELEMARK,A Intrepid Documentary of a Astronaut And a Forensic Psychologist who must Find a Frisbee in An Abandoned Fun House,2006,English,,3,4.99,112,16.99,R
310,10,Games,FEVER EMPIRE,A Insightful Panorama of a Cat And a Boat who must Defeat a Boat in The Gulf of Mexico,2006,English,,5,4.99,158,20.99,R
574,1,Action,MIDNIGHT WESTWARD,A Taut Reflection of a Husband And a A Shark who must Redeem a Pastry Chef in A Monastery,2006,English,,3,0.99,86,19.99,G
333,12,Music,FREAKY POCUS,A Fast-Paced Documentary of a Pastry Chef And a Crocodile who must Chase a Squirrel in The Gulf of Mexico,2006,English,,7,2.99,126,16.99,R
150,6,Documentary,CIDER DESIRE,A Stunning Character Study of a Composer And a Mad Cow who must Succumb a Cat in Soviet Georgia,2006,English,,7,2.99,101,9.99,PG
437,8,Family,HOUSE DYNAMITE,A Taut Story of a Pioneer And a Squirrel who must Battle a Student in Soviet Georgia,2006,English,,7,2.99,109,13.99,R
401,7,Drama,HAROLD FRENCH,A Stunning Saga of a Sumo Wrestler And a Student who must Outrace a Moose in The Sahara Desert,2006,English,,6,0.99,168,10.99,NC-17
472,16,Travel,ITALIAN AFRICAN,A Astounding Character Study of a Monkey And a Moose who must Outgun a Cat in A U-Boat,2006,English,,3,4.99,174,24.99,G
874,4,Classics,TADPOLE PARK,A Beautiful Tale of a Frisbee And a Moose who must Vanquish a Dog in An Abandoned Amusement Park,2006,English,,6,2.99,155,13.99,PG
163,13,New,CLYDE THEORY,A Beautiful Yarn of a Astronaut And a Frisbee who must Overcome a Explorer in A Jet Boat,2006,English,,4,0.99,139,29.99,PG-13
888,6,Documentary,THIN SAGEBRUSH,A Emotional Drama of a Husband And a Lumberjack who must Build a Cat in Ancient India,2006,English,,5,4.99,53,9.99,PG-13
981,16,Travel,WOLVES DESIRE,A Fast-Paced Drama of a Squirrel And a Robot who must Succumb a Technical Writer in A Manhattan Penthouse,2006,English,,7,0.99,55,13.99,NC-17
932,5,Comedy,VALLEY PACKER,A Astounding Documentary of a Astronaut And a Boy who must Outrace a Sumo Wrestler in Berlin,2006,English,,3,0.99,73,21.99,G
6,9,Foreign,AGENT TRUMAN,A Intrepid Panorama of a Robot And a Boy who must Escape a Sumo Wrestler in Ancient China,2006,English,,3,2.99,169,17.99,PG
486,9,Foreign,JET NEIGHBORS,A Amazing Display of a Lumberjack And a Teacher who must Outrace a Woman in A U-Boat,2006,English,,7,4.99,59,14.99,R
248,6,Documentary,DOZEN LION,A Taut Drama of a Cat And a Girl who must Defeat a Frisbee in The Canadian Rockies,2006,English,,6,4.99,177,20.99,NC-17
556,10,Games,MALTESE HOPE,A Fast-Paced Documentary of a Crocodile And a Sumo Wrestler who must Conquer a Explorer in California,2006,English,,6,4.99,127,26.99,PG-13
522,5,Comedy,LIFE TWISTED,A Thrilling Reflection of a Teacher And a Composer who must Find a Man in The First Manned Space Station,2006,English,,4,2.99,137,9.99,NC-17
100,9,Foreign,BROOKLYN DESERT,A Beautiful Drama of a Dentist And a Composer who must Battle a Sumo Wrestler in The First Manned Space Station,2006,English,,7,4.99,161,21.99,R
929,9,Foreign,USUAL UNTOUCHABLES,A Touching Display of a Explorer And a Lumberjack who must Fight a Forensic Psychologist in A Shark Tank,2006,English,,5,4.99,128,21.99,PG-13
694,4,Classics,PREJUDICE OLEANDER,A Epic Saga of a Boy And a Dentist who must Outrace a Madman in A U-Boat,2006,English,,6,4.99,98,15.99,PG-13
667,15,Sports,PEACH INNOCENT,A Action-Packed Drama of a Monkey And a Dentist who must Chase a Butler in Berlin,2006,English,,3,2.99,160,20.99,PG-13
775,7,Drama,SEATTLE EXPECATIONS,A Insightful Reflection of a Crocodile And a Sumo Wrestler who must Meet a Technical Writer in The Sahara Desert,2006,English,,4,4.99,110,18.99,PG-13
107,7,Drama,BUNCH MINDS,A Emotional Story of a Feminist And a Feminist who must Escape a Pastry Chef in A MySQL Convention,2006,English,,4,2.99,63,13.99,G
752,12,Music,RUNNER MADIGAN,A Thoughtful Documentary of a Crocodile And a Robot who must Outrace a Womanizer in The Outback,2006,English,,6,0.99,101,27.99,NC-17
557,8,Family,MANCHURIAN CURTAIN,A Stunning Tale of a Mad Cow And a Boy who must Battle a Boy in Berlin,2006,English,,5,2.99,177,27.99,PG
864,3,Children,SUNDANCE INVASION,A Epic Drama of a Lumberjack And a Explorer who must Confront a Hunter in A Baloon Factory,2006,English,,5,0.99,92,21.99,NC-17
948,13,New,VOICE PEACH,A Amazing Panorama of a Pioneer And a Student who must Overcome a Mad Scientist in A Manhattan Penthouse,2006,English,,6,0.99,139,22.99,PG-13
836,15,Sports,SQUAD FISH,A Fast-Paced Display of a Pastry Chef And a Dog who must Kill a Teacher in Berlin,2006,English,,3,2.99,136,14.99,PG
254,15,Sports,DRIVER ANNIE,A Lacklusture Character Study of a Butler And a Car who must Redeem a Boat in An Abandoned Fun House,2006,English,,4,2.99,159,11.99,PG-13
480,4,Classics,JEEPERS WEDDING,A Astounding Display of a Composer And a Dog who must Kill a Pastry Chef in Soviet Georgia,2006,English,,3,2.99,84,29.99,R
231,8,Family,DINOSAUR SECRETARY,A Action-Packed Drama of a Feminist And a Girl who must Reach a Robot in The Canadian Rockies,2006,English,,7,2.99,63,27.99,R
120,15,Sports,CARIBBEAN LIBERTY,A Fanciful Tale of a Pioneer And a Technical Writer who must Outgun a Pioneer in A Shark Tank,2006,English,,3,4.99,92,16.99,NC-17
583,2,Animation,MISSION ZOOLANDER,A Intrepid Story of a Sumo Wrestler And a Teacher who must Meet a A Shark in An Abandoned Fun House,2006,English,,3,4.99,164,26.99,PG-13
82,8,Family,BLOOD ARGONAUTS,A Boring Drama of a Explorer And a Man who must Kill a Lumberjack in A Manhattan Penthouse,2006,English,,3,0.99,71,13.99,G
551,13,New,MAIDEN HOME,A Lacklusture Saga of a Moose And a Teacher who must Kill a Forensic Psychologist in A MySQL Convention,2006,English,,3,4.99,138,9.99,PG
544,6,Documentary,MADISON TRAP,A Awe-Inspiring Reflection of a Monkey And a Dentist who must Overcome a Pioneer in A U-Boat,2006,English,,4,2.99,147,11.99,R
50,8,Family,BAKED CLEOPATRA,A Stunning Drama of a Forensic Psychologist And a Husband who must Overcome a Waitress in A Monastery,2006,English,,3,2.99,182,20.99,G
