postal_code,address,city,address_id,phone,district,city_id,address2,country_id,country
,47 MySakila Drive,Lethbridge,1,,Alberta,300,,20,Canada
,28 MySQL Boulevard,Woodridge,2,,QLD,576,,8,Australia
,23 Workhaven Lane,Lethbridge,3,14033335568.0,Alberta,300,,20,Canada
,1411 Lillydale Drive,Woodridge,4,6172235589.0,QLD,576,,8,Australia
35200.0,1913 Hanoi Way,Sasebo,5,28303384290.0,Nagasaki,463,,50,Japan
17886.0,1121 Loja Avenue,San Bernardino,6,838635286649.0,California,449,,103,United States
83579.0,692 Joliet Street,Athenai,7,448477190408.0,Attika,38,,39,Greece
53561.0,1566 Inegöl Manor,Myingyan,8,705814003527.0,Mandalay,349,,64,Myanmar
42399.0,53 Idfu Parkway,Nantou,9,10655648674.0,Nantou,361,,92,Taiwan
18743.0,1795 Santiago de Compostela Way,Laredo,10,860452626434.0,Texas,295,,103,United States
93896.0,900 Santiago de Compostela Parkway,Kragujevac,11,716571220373.0,Central Serbia,280,,108,Yugoslavia
77948.0,478 Joliet Way,Hamilton,12,657282285970.0,Hamilton,200,,68,New Zealand
45844.0,613 Korolev Drive,Masqat,13,380657522649.0,Masqat,329,,71,Oman
53628.0,1531 Salé Drive,Esfahan,14,648856936185.0,Esfahan,162,,46,Iran
1027.0,1542 Tarlac Parkway,Sagamihara,15,635297277345.0,Kanagawa,440,,50,Japan
10672.0,808 Bhopal Manor,Yamuna Nagar,16,465887807014.0,Haryana,582,,44,India
29610.0,270 Amroha Parkway,Osmaniye,17,695479687538.0,Osmaniye,384,,97,Turkey
16266.0,770 Bydgoszcz Avenue,Citrus Heights,18,517338314235.0,California,120,,103,United States
72878.0,419 Iligan Lane,Bhopal,19,990911107354.0,Madhya Pradesh,76,,44,India
54308.0,360 Toulouse Parkway,Southend-on-Sea,20,949312333307.0,England,495,,102,United Kingdom
81766.0,270 Toulon Boulevard,Elista,21,407752414682.0,Kalmykia,156,,80,Russian Federation
43331.0,320 Brest Avenue,Kaduna,22,747791594069.0,Kaduna,252,,69,Nigeria
72192.0,1417 Lancaster Avenue,Kimberley,23,272572357893.0,Northern Cape,267,,85,South Africa
21954.0,1688 Okara Way,Mardan,24,144453869132.0,Nothwest Border Prov,327,,72,Pakistan
34418.0,262 A Coruña (La Coruña) Parkway,Tangail,25,892775750063.0,Dhaka,525,,12,Bangladesh
37551.0,28 Charlotte Amalie Street,Salé,26,161968374323.0,Rabat-Sal-Zammour-Z,443,,62,Morocco
7716.0,1780 Hino Boulevard,Liepaja,27,902731229323.0,Liepaja,303,,54,Latvia
99865.0,96 Tafuna Way,Córdoba,28,934730187245.0,Córdoba,128,,6,Argentina
99780.0,934 San Felipe de Puerto Plata Street,Shikarpur,29,196495945706.0,Sind,472,,72,Pakistan
58327.0,18 Duisburg Boulevard,Città del Vaticano,30,998009777982.0,,121,,41,Holy See (Vatican City State)
49521.0,217 Botshabelo Place,Davao,31,665356572025.0,Southern Mindanao,138,,75,Philippines
65599.0,1425 Shikarpur Manor,Munger (Monghyr),32,678220867005.0,Bihar,346,,44,India
65750.0,786 Aurora Avenue,Shimonoseki,33,18461860151.0,Yamaguchi,474,,50,Japan
50199.0,1668 Anápolis Street,Lungtan,34,525255540978.0,Taipei,316,,92,Taiwan
30348.0,33 Gorontalo Way,Kamarhati,35,745994947458.0,West Bengali,257,,44,India
65213.0,176 Mandaluyong Place,Jhansi,36,627705991774.0,Uttar Pradesh,239,,44,India
79388.0,127 Purnea (Purnia) Manor,Alessandria,37,911872220378.0,Piemonte,17,,49,Italy
94065.0,61 Tama Street,Kurashiki,38,708403338270.0,Okayama,284,,50,Japan
34021.0,391 Callao Drive,Toulouse,39,440512153169.0,Midi-Pyrnes,544,,34,France
38145.0,334 Munger (Monghyr) Lane,Arak,40,481183273622.0,Markazi,31,,46,Iran
47929.0,1440 Fukuyama Loop,Nanyang,41,912257250465.0,Henan,362,,23,China
34689.0,269 Cam Ranh Parkway,Chisinau,42,489783829737.0,Chisinau,115,,61,Moldova
3989.0,306 Antofagasta Place,Vila Velha,43,378318851631.0,Esprito Santo,569,,15,Brazil
94399.0,671 Graz Street,Nador,44,680768868518.0,Oriental,353,,62,Morocco
16744.0,42 Brindisi Place,Yerevan,45,42384721397.0,Yerevan,586,,7,Armenia
61117.0,1632 Bislig Avenue,Pak Kret,46,471675840679.0,Nonthaburi,394,,94,Thailand
48942.0,1447 Imus Way,Faaa,47,539758313890.0,Tahiti,167,,36,French Polynesia
76022.0,1998 Halifax Drive,Lipetsk,48,177727722820.0,Lipetsk,308,,80,Russian Federation
37359.0,1718 Valencia Street,Antofagasta,49,675292816413.0,Antofagasta,27,,22,Chile
23616.0,46 Pjatigorsk Lane,Moscow,50,262076994845.0,Moscow (City),343,,80,Russian Federation
52535.0,686 Garland Manor,Juazeiro do Norte,51,69493378813.0,Cear,247,,15,Brazil
69367.0,909 Garland Manor,Niznekamsk,52,705800322606.0,Tatarstan,367,,80,Russian Federation
74428.0,725 Isesaki Place,Jedda,53,876295323994.0,Mekka,237,,82,Saudi Arabia
80168.0,115 Hidalgo Parkway,Omdurman,54,307703950263.0,Khartum,379,,89,Sudan
48150.0,1135 Izumisano Parkway,Fontana,55,171822533480.0,California,171,,103,United States
4166.0,939 Probolinggo Loop,A Coruña (La Coruña),56,680428310138.0,Galicia,1,,87,Spain
38594.0,17 Kabul Boulevard,Nagareyama,57,697760867968.0,Chiba,355,,50,Japan
48980.0,1964 Allappuzha (Alleppey) Street,Iwakuni,58,920811325222.0,Yamaguchi,227,,50,Japan
57807.0,1697 Kowloon and New Kowloon Loop,Balašiha,59,499352017190.0,Moskova,49,,80,Russian Federation
39072.0,1668 Saint Louis Place,Papeete,60,347487831378.0,Tahiti,397,,36,French Polynesia
45428.0,943 Tokat Street,Vaduz,61,889318963672.0,Vaduz,560,,55,Liechtenstein
69226.0,1114 Liepaja Street,Kuching,62,212869228936.0,Sarawak,282,,59,Malaysia
94352.0,1213 Ranchi Parkway,Mysore,63,800024380485.0,Karnataka,350,,44,India
55561.0,81 Hodeida Way,Jaipur,64,250767749542.0,Rajasthan,231,,44,India
83980.0,915 Ponce Place,Basel,65,1395251317.0,Basel-Stadt,56,,91,Switzerland
85505.0,1717 Guadalajara Lane,Saint Louis,66,914090181665.0,Missouri,441,,103,United States
67055.0,1214 Hanoi Way,Lincoln,67,491001136577.0,Nebraska,306,,103,United States
70385.0,1966 Amroha Avenue,Daxian,68,333489324603.0,Sichuan,139,,23,China
71110.0,698 Otsu Street,Cayenne,69,409983924481.0,Cayenne,105,,35,French Guiana
96109.0,1150 Kimchon Manor,Malmö,70,663449333709.0,Skne ln,321,,90,Sweden
5135.0,1586 Guarujá Place,Xi´angtan,71,947233365992.0,Hunan,579,,23,China
48960.0,57 Arlington Manor,Shivapuri,72,990214419142.0,Madhya Pradesh,475,,44,India
59025.0,1031 Daugavpils Parkway,Béchar,73,107137400143.0,Béchar,63,,2,Algeria
6856.0,1124 Buenaventura Drive,al-Hawiya,74,407733804223.0,Mekka,13,,82,Saudi Arabia
50805.0,492 Cam Ranh Street,Baybay,75,565018274456.0,Eastern Visayas,61,,75,Philippines
75444.0,89 Allappuzha (Alleppey) Manor,Taguig,76,255800440636.0,National Capital Reg,517,,75,Philippines
60951.0,1947 Poços de Caldas Boulevard,Chiayi,77,427454485876.0,Chiayi,114,,92,Taiwan
20207.0,1206 Dos Quebradas Place,Rio Claro,78,241832790687.0,São Paulo,431,,15,Brazil
72394.0,1551 Rampur Lane,Changhwa,79,251164340471.0,Changhwa,108,,92,Taiwan
98889.0,602 Paarl Street,Pavlodar,80,896314772871.0,Pavlodar,402,,51,Kazakstan
9223.0,1692 Ede Loop,Araçatuba,81,918711376618.0,São Paulo,30,,15,Brazil
96709.0,936 Salzburg Lane,Rae Bareli,82,875756771675.0,Uttar Pradesh,425,,44,India
1079.0,586 Tete Way,Kamakura,83,18581624103.0,Kanagawa,256,,50,Japan
20936.0,1888 Kabul Drive,Ife,84,701457319790.0,Oyo & Osun,217,,69,Nigeria
37307.0,320 Baiyin Parkway,Mahajanga,85,223664661973.0,Mahajanga,319,,57,Madagascar
9495.0,927 Bahía Blanca Parkway,Simferopol,86,821972242086.0,Krim,479,,100,Ukraine
74671.0,929 Tallahassee Loop,Springs,87,800716535041.0,Gauteng,497,,85,South Africa
67912.0,125 Città del Vaticano Boulevard,Atlixco,88,48417642933.0,Puebla,40,,60,Mexico
88002.0,1557 Kütahya Boulevard,Bradford,89,720998247660.0,England,88,,102,United Kingdom
84931.0,870 Ashqelon Loop,Songkhla,90,135117278909.0,Songkhla,489,,94,Thailand
29932.0,1740 Portoviejo Avenue,Sincelejo,91,198123170793.0,Sucre,480,,24,Colombia
82624.0,1942 Ciparay Parkway,Cheju,92,978987363654.0,Cheju,113,,86,South Korea
75543.0,1926 El Alto Avenue,La Plata,93,846225459260.0,Buenos Aires,289,,6,Argentina
25958.0,1952 Chatsworth Drive,Meixian,94,991562402283.0,Guangdong,332,,23,China
52163.0,1370 Le Mans Avenue,Bandar Seri Begawan,95,345679835036.0,Brunei and Muara,53,,16,Brunei
17119.0,984 Effon-Alaiye Avenue,Goiânia,96,132986892228.0,Gois,183,,15,Brazil
49021.0,832 Nakhon Sawan Manor,Zalantun,97,275595571388.0,Inner Mongolia,592,,23,China
53182.0,152 Kitwe Parkway,Bislig,98,835433605312.0,Caraga,82,,75,Philippines
22870.0,1697 Tanauan Lane,Pathankot,99,4764773857.0,Punjab,399,,44,India
30695.0,1308 Arecibo Way,Augusta-Richmond County,100,6171054059.0,Georgia,41,,103,United States
71986.0,1599 Plock Drive,Tete,101,817248913162.0,Tete,534,,63,Mozambique
92265.0,669 Firozabad Loop,al-Ayn,102,412903167998.0,Abu Dhabi,12,,101,United Arab Emirates
51540.0,588 Vila Velha Manor,Kimchon,103,333339908719.0,Kyongsangbuk,268,,86,South Korea
97287.0,1913 Kamakura Place,Jelets,104,942570536750.0,Lipetsk,238,,80,Russian Federation
77459.0,733 Mandaluyong Place,Abha,105,196568435814.0,Asir,2,,82,Saudi Arabia
49708.0,659 Vaduz Drive,Ashdod,106,709935135487.0,Ha Darom,34,,48,Israel
3305.0,1177 Jelets Way,Ilorin,107,484292626944.0,Kwara & Kogi,220,,69,Nigeria
80720.0,1386 Yangor Avenue,Toulon,108,449216226468.0,Provence-Alpes-Cte,543,,34,France
76383.0,454 Nakhon Sawan Boulevard,Funafuti,109,963887147572.0,Funafuti,173,,99,Tuvalu
78311.0,1867 San Juan Bautista Tuxtepec Avenue,Ivanovo,110,547003310357.0,Ivanovo,225,,80,Russian Federation
9599.0,1532 Dzerzinsk Way,Merlo,111,330838016880.0,Buenos Aires,334,,6,Argentina
93026.0,1002 Ahmadnagar Manor,Huixquilucan,112,371490777743.0,Mxico,213,,60,Mexico
30418.0,682 Junan Way,Klerksdorp,113,622255216127.0,North West,273,,85,South Africa
61069.0,804 Elista Drive,Enshi,114,379804592943.0,Hubei,159,,23,China
75834.0,1378 Alvorada Avenue,Caracas,115,272234298332.0,Distrito Federal,102,,104,Venezuela
87057.0,793 Cam Ranh Avenue,Lancaster,116,824370924746.0,California,292,,103,United States
10885.0,1079 Tel Aviv-Jaffa Boulevard,Cumaná,117,358178933857.0,Sucre,132,,104,Venezuela
24321.0,442 Rae Bareli Place,Duisburg,118,886636413768.0,Nordrhein-Westfalen,148,,38,Germany
75149.0,1107 Nakhon Sawan Avenue,Nezahualcóyotl,119,867546627903.0,Mxico,365,,60,Mexico
63502.0,544 Malmö Parkway,Pemalang,120,386759646229.0,Central Java,403,,45,Indonesia
73644.0,1967 Sincelejo Place,Gandhinagar,121,577812616052.0,Gujarat,176,,44,India
78625.0,333 Goiânia Way,Grand Prairie,122,909029256431.0,Texas,185,,103,United States
96065.0,1987 Coacalco de Berriozábal Loop,Shubra al-Khayma,123,787654415858.0,al-Qalyubiya,476,,29,Egypt
76157.0,241 Mosul Lane,Dos Quebradas,124,765345144779.0,Risaralda,147,,24,Colombia
58186.0,211 Chiayi Drive,Etawah,125,665993880048.0,Uttar Pradesh,164,,44,India
64615.0,1175 Tanauan Way,Lima,126,937222955822.0,Lima,305,,74,Peru
6804.0,117 Boa Vista Way,Varanasi (Benares),127,677976133614.0,Uttar Pradesh,566,,44,India
45142.0,848 Tafuna Manor,Kütahya,128,614935229095.0,Kütahya,281,,97,Turkey
60304.0,569 Baicheng Lane,Boksburg,129,490211944645.0,Gauteng,85,,85,South Africa
66255.0,1666 Qomsheh Drive,Poá,130,582835362905.0,São Paulo,410,,15,Brazil
8439.0,801 Hagonoy Drive,Smolensk,131,237426099212.0,Smolensk,484,,80,Russian Federation
4999.0,1050 Garden Grove Avenue,Jastrzebie-Zdrój,132,973047364353.0,Slaskie,236,,76,Poland
15819.0,1854 Tieli Street,Liaocheng,133,509492324775.0,Shandong,302,,23,China
82639.0,758 Junan Lane,Águas Lindas de Goiás,134,935448624185.0,Gois,190,,15,Brazil
14014.0,1752 São Leopoldo Parkway,Mukatševe,135,252265130067.0,Taka-Karpatia,345,,100,Ukraine
49757.0,898 Belém Manor,Botshabelo,136,707169393853.0,Free State,87,,85,South Africa
83401.0,261 Saint Louis Way,Torreón,137,321944036800.0,Coahuila de Zaragoza,541,,60,Mexico
4285.0,765 Southampton Drive,Qalyub,138,23712411567.0,al-Qalyubiya,421,,29,Egypt
5892.0,943 Johannesburg Avenue,Pune,139,90921003005.0,Maharashtra,417,,44,India
81691.0,788 Atšinsk Street,Hubli-Dharwad,140,146497509724.0,Karnataka,211,,44,India
11044.0,1749 Daxian Place,Apeldoorn,141,963369996279.0,Gelderland,29,,67,Netherlands
85769.0,1587 Sullana Lane,Hohhot,142,468060467018.0,Inner Mongolia,207,,23,China
57519.0,1029 Dzerzinsk Manor,Touliu,143,33173584456.0,Ynlin,542,,92,Taiwan
13377.0,1666 Beni-Mellal Place,Clarksville,144,9099941466.0,Tennessee,123,,103,United States
93762.0,928 Jaffna Loop,Fukuyama,145,581852137991.0,Hiroshima,172,,50,Japan
60562.0,483 Ljubertsy Parkway,Dundee,146,581174211853.0,Scotland,149,,102,United Kingdom
97700.0,374 Bat Yam Boulevard,Kilis,147,923261616249.0,Kilis,266,,97,Turkey
30861.0,1027 Songkhla Manor,Molodetšno,148,563660187896.0,Minsk,340,,13,Belarus
3439.0,999 Sanaa Loop,Soshanguve,149,918032330119.0,Gauteng,491,,85,South Africa
90732.0,879 Newcastle Way,Sterling Heights,150,206841104594.0,Michigan,499,,103,United States
99457.0,1337 Lincoln Parkway,Urawa,151,597815221267.0,Saitama,555,,50,Japan
92150.0,1952 Pune Lane,Saint-Denis,152,354615066969.0,Saint-Denis,442,,79,Réunion
25545.0,782 Mosul Street,Brockton,153,885899703621.0,Massachusetts,94,,103,United States
95444.0,781 Shimonoseki Drive,Hidalgo,154,632316273199.0,Michoacn de Ocampo,202,,60,Mexico
77777.0,1560 Jelets Boulevard,Laiwu,155,189446090264.0,Shandong,291,,23,China
64863.0,1963 Moscow Place,Nagaon,156,761379480249.0,Assam,354,,44,India
36061.0,456 Escobar Way,Jakarta,157,719202533520.0,Jakarta Raya,232,,45,Indonesia
76990.0,798 Cianjur Avenue,Yuncheng,158,499408708580.0,Shanxi,590,,23,China
41778.0,185 Novi Sad Place,Bern,159,904253967161.0,Bern,72,,91,Switzerland
21294.0,1367 Yantai Manor,Ondo,160,889538496300.0,Ondo & Ekiti,381,,69,Nigeria
53502.0,1386 Nakhon Sawan Boulevard,Pyongyang,161,368899174225.0,Pyongyang-si,420,,70,North Korea
66639.0,369 Papeete Way,Greensboro,162,170117068815.0,North Carolina,187,,103,United States
81037.0,1440 Compton Place,Linz,163,931059836497.0,North Austria,307,,9,Austria
81511.0,1623 Bahía Blanca Manor,Ljubertsy,164,149981248346.0,Moskova,310,,80,Russian Federation
44660.0,97 Shimoga Avenue,Tel Aviv-Jaffa,165,177167004331.0,Tel Aviv,533,,48,Israel
22853.0,1740 Le Mans Loop,Le Mans,166,168476538960.0,Pays de la Loire,297,,34,France
57844.0,1287 Xi´angfan Boulevard,Kakamigahara,167,819416131190.0,Gifu,253,,50,Japan
3313.0,842 Salzburg Lane,Tarsus,168,697151428760.0,Adana,529,,97,Turkey
62250.0,154 Tallahassee Loop,Hami,169,935508855935.0,Xinxiang,199,,23,China
76901.0,710 San Felipe del Progreso Avenue,Lilongwe,170,843801144113.0,Lilongwe,304,,58,Malawi
62686.0,1540 Wroclaw Drive,Chandrapur,171,182363341674.0,Maharashtra,107,,44,India
59571.0,475 Atšinsk Way,Jinchang,172,201705577290.0,Gansu,240,,23,China
70618.0,1294 Firozabad Drive,Pingxiang,173,161801569569.0,Ji´angxi,407,,23,China
63337.0,1877 Ezhou Lane,Udaipur,174,264541743403.0,Rajasthan,550,,44,India
58194.0,316 Uruapan Street,Ipoh,175,275788967899.0,Perak,223,,59,Malaysia
47753.0,29 Pyongyang Loop,Batman,176,734780743462.0,Batman,58,,97,Turkey
6802.0,1010 Klerksdorp Way,Graz,177,493008546874.0,Steiermark,186,,9,Austria
4854.0,431 Xi´angtan Avenue,Allappuzha (Alleppey),179,230250973122.0,Kerala,18,,44,India
89668.0,757 Rustenburg Avenue,Skikda,180,506134035434.0,Skikda,483,,2,Algeria
54132.0,146 Johannesburg Way,Matamoros,181,953689007081.0,Tamaulipas,330,,60,Mexico
47288.0,1891 Rizhao Boulevard,Santa Bárbara d´Oeste,182,391065549876.0,São Paulo,456,,15,Brazil
35109.0,1089 Iwatsuki Avenue,Kirovo-Tšepetsk,183,866092335135.0,Kirov,270,,80,Russian Federation
29747.0,1410 Benin City Parkway,Pereira,184,104150372603.0,Risaralda,405,,24,Colombia
67497.0,682 Garden Grove Place,Memphis,185,72136330362.0,Tennessee,333,,103,United States
8862.0,533 al-Ayn Boulevard,Compton,186,662227486184.0,California,126,,103,United States
55709.0,1839 Székesfehérvár Parkway,Luziânia,187,947468818183.0,Gois,317,,15,Brazil
43310.0,741 Ambattur Manor,´s-Hertogenbosch,188,302590383819.0,Noord-Brabant,438,,67,Netherlands
65121.0,927 Barcelona Street,Shahr-e Kord,189,951486492670.0,Chaharmahal va Bakht,467,,46,Iran
74750.0,435 0 Way,Haldia,190,760171523969.0,West Bengali,195,,44,India
38982.0,140 Chiayi Parkway,Sumy,191,855863906434.0,Sumy,506,,100,Ukraine
58852.0,1166 Changhwa Street,Bayugan,192,650752094490.0,Caraga,62,,75,Philippines
5379.0,891 Novi Sad Manor,Oshawa,193,247646995453.0,Ontario,383,,20,Canada
49348.0,605 Rio Claro Parkway,Tabora,194,352469351088.0,Tabora,513,,93,Tanzania
65387.0,1077 San Felipe de Puerto Plata Place,Novotšerkassk,195,812824036424.0,Rostov-na-Donu,369,,80,Russian Federation
90845.0,9 San Miguel de Tucumán Manor,Firozabad,196,956188728558.0,Uttar Pradesh,169,,44,India
10428.0,447 Surakarta Loop,Kisumu,197,940830176580.0,Nyanza,271,,52,Kenya
32114.0,345 Oshawa Boulevard,Hino,198,104491201771.0,Tokyo-to,204,,50,Japan
15540.0,1792 Valle de la Pascua Place,Siegen,199,419419591240.0,Nordrhein-Westfalen,477,,38,Germany
36490.0,1074 Binzhou Manor,Mannheim,200,331132568928.0,Baden-Wrttemberg,325,,38,Germany
89459.0,817 Bradford Loop,Changzhou,201,264286442804.0,Ji´angsu,109,,23,China
1545.0,955 Bamenda Way,Ikerre,202,768481779568.0,Ondo & Ekiti,218,,69,Nigeria
95824.0,1149 A Coruña (La Coruña) Boulevard,Haiphong,203,470884141195.0,Haiphong,194,,105,Vietnam
8073.0,387 Mwene-Ditu Drive,Ashgabat,204,764477681869.0,Ahal,35,,98,Turkmenistan
4662.0,68 Molodetšno Manor,Witten,205,146640639760.0,Nordrhein-Westfalen,575,,38,Germany
3924.0,642 Nador Drive,Bhusawal,206,369050085652.0,Maharashtra,77,,44,India
61613.0,1688 Nador Lane,Gorontalo,207,652218196731.0,Sulawesi Utara,184,,45,Indonesia
25238.0,1215 Pyongyang Parkway,Usak,208,646237101779.0,Usak,557,,97,Turkey
86599.0,1679 Antofagasta Street,Ciudad del Este,209,905903574913.0,Alto Paran,122,,73,Paraguay
10925.0,1304 ´s-Hertogenbosch Way,Blumenau,210,90336226227.0,Santa Catarina,83,,15,Brazil
10800.0,850 Salala Loop,Nuuk,211,403404780639.0,Kitaa,371,,40,Greenland
89959.0,624 Oshawa Boulevard,Balurghat,212,49677664184.0,West Bengali,51,,44,India
4855.0,43 Dadu Avenue,Bhilwara,213,95666951770.0,Rajasthan,74,,44,India
99405.0,751 Lima Loop,Aden,214,756460337785.0,Aden,7,,107,Yemen
82161.0,1333 Haldia Street,Fuyu,215,408304391718.0,Jilin,174,,23,China
25053.0,660 Jedda Boulevard,Bellevue,216,168758068397.0,Washington,65,,103,United States
67924.0,1001 Miyakonojo Lane,Taizz,217,584316724815.0,Taizz,518,,107,Yemen
2299.0,226 Brest Manor,Sunnyvale,218,785881412500.0,California,508,,103,United States
99124.0,1229 Valencia Parkway,Stara Zagora,219,352679173732.0,Haskovo,498,,17,Bulgaria
21464.0,1201 Qomsheh Manor,Aparecida de Goiânia,220,873492228462.0,Gois,28,,15,Brazil
22474.0,866 Shivapuri Manor,Sambhal,221,778502731092.0,Uttar Pradesh,448,,44,India
40301.0,1168 Najafabad Parkway,Kabul,222,886649065861.0,Kabol,251,,1,Afghanistan
20657.0,1244 Allappuzha (Alleppey) Place,Vicente López,223,991802825778.0,Buenos Aires,567,,6,Argentina
94420.0,1842 Luziânia Boulevard,Zanzibar,224,706878974831.0,Zanzibar West,593,,93,Tanzania
22824.0,1926 Gingoog Street,Syrakusa,225,469738825391.0,Sisilia,511,,49,Italy
73431.0,810 Palghat (Palakkad) Boulevard,Jaroslavl,226,516331171356.0,Jaroslavl,235,,80,Russian Federation
88307.0,1820 Maringá Parkway,Mandi Bahauddin,227,99760893676.0,Punjab,324,,72,Pakistan
82338.0,60 Poços de Caldas Street,Jodhpur,228,963063788669.0,Rajasthan,243,,44,India
66851.0,1014 Loja Manor,Ambattur,229,460795526514.0,Tamil Nadu,22,,44,India
64344.0,201 Effon-Alaiye Way,Asunción,230,684192903087.0,Asunción,37,,73,Paraguay
47446.0,430 Alessandria Loop,Saarbrücken,231,669828224459.0,Saarland,439,,38,Germany
87911.0,754 Valencia Place,Phnom Penh,232,594319417514.0,Phnom Penh,406,,18,Cambodia
93323.0,356 Olomouc Manor,Anápolis,233,22326410776.0,Gois,26,,15,Brazil
50598.0,1256 Bislig Boulevard,Botosani,234,479007229460.0,Botosani,86,,78,Romania
42420.0,954 Kimchon Place,Uttarpara-Kotrung,235,541327526474.0,West Bengali,559,,44,India
31390.0,885 Yingkou Manor,Zaria,236,588964509072.0,Kaduna,596,,69,Nigeria
98775.0,1736 Cavite Place,Idfu,237,431770603551.0,Qina,216,,29,Egypt
76448.0,98 Stara Zagora Boulevard,Buenaventura,239,610173756082.0,Valle,96,,24,Colombia
18727.0,1479 Rustenburg Boulevard,Tanza,240,727785483194.0,Southern Tagalog,527,,75,Philippines
36971.0,647 A Coruña (La Coruña) Street,Naju,241,792557457753.0,Chollanam,357,,86,South Korea
14408.0,1964 Gijón Manor,Shimoga,242,918119601885.0,Karnataka,473,,44,India
22236.0,47 Syktyvkar Lane,Ciomas,243,63937119031.0,West Java,118,,45,Indonesia
1921.0,1148 Saarbrücken Parkway,Iwaki,244,137773001988.0,Fukushima,226,,50,Japan
87660.0,1103 Bilbays Parkway,Xi´angfan,245,279979529227.0,Hubei,578,,23,China
28349.0,1246 Boksburg Parkway,Qinhuangdao,246,890283544295.0,Hebei,422,,23,China
37288.0,1483 Pathankot Street,San Miguel de Tucumán,247,686015532180.0,Tucumn,454,,6,Argentina
27722.0,582 Papeete Loop,Lapu-Lapu,248,569868543137.0,Central Visayas,294,,75,Philippines
81314.0,300 Junan Street,Uijongbu,249,890289150158.0,Kyonggi,553,,86,South Korea
6461.0,829 Grand Prairie Way,Maringá,250,741070712873.0,Paraná,328,,15,Brazil
75933.0,1473 Changhwa Parkway,Coacalco de Berriozábal,251,266798132374.0,Mxico,124,,60,Mexico
57338.0,1309 Weifang Street,Tallahassee,252,435785045362.0,Florida,520,,103,United States
38140.0,1760 Oshawa Manor,Tianjin,253,56257502250.0,Tianjin,535,,23,China
98332.0,786 Stara Zagora Way,Oyo,254,716256596301.0,Oyo & Osun,390,,69,Nigeria
36481.0,1966 Tonghae Street,Halle/Saale,255,567359279425.0,Anhalt Sachsen,198,,38,Germany
3433.0,1497 Yuzhou Drive,London,256,246810237916.0,England,312,,102,United Kingdom
32474.0,752 Ondo Loop,Miyakonojo,258,134673576619.0,Miyazaki,338,,50,Japan
45403.0,1338 Zalantun Lane,Poços de Caldas,259,840522972766.0,Minas Gerais,413,,15,Brazil
20777.0,127 Iwakuni Boulevard,Hagonoy,260,987442542471.0,Central Luzon,192,,75,Philippines
68146.0,51 Laredo Avenue,Monywa,261,884536620568.0,Sagaing,342,,64,Myanmar
86768.0,771 Yaoundé Manor,Beira,262,245477603573.0,Sofala,64,,63,Mozambique
69517.0,532 Toulon Street,Santiago de los Caballeros,263,46871694740.0,Santiago,460,,27,Dominican Republic
50390.0,1027 Banjul Place,Halisahar,264,538241037443.0,West Bengali,197,,44,India
98484.0,1158 Mandi Bahauddin Parkway,Datong,265,276555730211.0,Shanxi,136,,23,China
30065.0,862 Xintai Lane,Tuguegarao,266,265153400632.0,Cagayan Valley,548,,75,Philippines
93629.0,816 Cayenne Parkway,Portoviejo,267,282874611748.0,Manab,414,,28,Ecuador
51990.0,1831 Nam Dinh Loop,Mandaluyong,268,322888976727.0,National Capital Reg,323,,75,Philippines
19428.0,446 Kirovo-Tšepetsk Lane,Higashiosaka,269,303967439816.0,Osaka,203,,50,Japan
20536.0,682 Halisahar Place,Olomouc,270,475553436330.0,Severn Morava,378,,26,Czech Republic
5410.0,1587 Loja Manor,Salzburg,271,621625204422.0,Salzburg,447,,9,Austria
53928.0,1762 Paarl Parkway,Lengshuijiang,272,192459639410.0,Hunan,298,,23,China
49298.0,1519 Ilorin Place,Palghat (Palakkad),273,357445645426.0,Kerala,395,,44,India
75090.0,920 Kumbakonam Loop,Salinas,274,685010736240.0,California,446,,103,United States
83565.0,906 Goiânia Way,Kalisz,275,701767622697.0,Wielkopolskie,255,,76,Poland
11763.0,1675 Xi´angfan Manor,Kumbakonam,276,271149517630.0,Tamil Nadu,283,,44,India
46063.0,85 San Felipe de Puerto Plata Drive,Yantai,277,170739645687.0,Shandong,584,,23,China
2012.0,144 South Hill Loop,Salamanca,278,45387294817.0,Guanajuato,445,,60,Mexico
85548.0,1884 Shikarpur Avenue,Karnal,279,959949395183.0,Haryana,263,,44,India
89502.0,1980 Kamjanets-Podilskyi Street,Peoria,280,874337098891.0,Illinois,404,,103,United States
24645.0,1944 Bamenda Way,Warren,281,75975221996.0,Michigan,573,,103,United States
55802.0,556 Baybay Manor,Ogbomosho,282,363982224739.0,Oyo & Osun,374,,69,Nigeria
56254.0,457 Tongliao Loop,Inegöl,283,880756161823.0,Bursa,222,,97,Turkey
96204.0,600 Bradford Street,Tabriz,284,117592274996.0,East Azerbaidzan,514,,46,Iran
36229.0,1006 Santa Bárbara d´Oeste Manor,Owo,285,85059738746.0,Ondo & Ekiti,389,,69,Nigeria
30657.0,1308 Sumy Loop,Fuzhou,286,583021225407.0,Fujian,175,,23,China
8160.0,1405 Chisinau Place,Ponce,287,62781725285.0,Ponce,411,,77,Puerto Rico
58492.0,226 Halifax Street,Korla,288,790651020929.0,Xinxiang,277,,23,China
75860.0,1279 Udine Parkway,Benin City,289,195003555232.0,Edo & Delta,69,,69,Nigeria
46044.0,1336 Benin City Drive,Otsu,290,341242939532.0,Shiga,386,,50,Japan
22650.0,1155 Liaocheng Place,Effon-Alaiye,291,558236142492.0,Oyo & Osun,152,,69,Nigeria
64221.0,1993 Tabuk Lane,Tambaram,292,648482415405.0,Tamil Nadu,522,,44,India
33768.0,86 Higashiosaka Lane,Valle de Santiago,293,957128697225.0,Guanajuato,563,,60,Mexico
58124.0,1912 Allende Manor,Kowloon and New Kowloon,294,172262454487.0,Kowloon and New Kowl,279,,42,Hong Kong
53145.0,544 Tarsus Boulevard,Valle de la Pascua,295,892523334.0,Gurico,562,,104,Venezuela
61195.0,1936 Cumaná Avenue,Roanoke,296,976798660411.0,Virginia,433,,103,United States
19065.0,1192 Tongliao Street,Sharja,297,350970907017.0,Sharja,470,,101,United Arab Emirates
61391.0,44 Najafabad Way,Donostia-San Sebastián,298,96604821070.0,Baskimaa,146,,87,Spain
38834.0,32 Pudukkottai Lane,Dayton,299,967274728547.0,Ohio,140,,103,United States
8856.0,661 Chisinau Lane,Kolpino,300,816436065431.0,Pietari,274,,80,Russian Federation
98573.0,951 Stara Zagora Manor,Patiala,301,429925609431.0,Punjab,400,,44,India
4085.0,922 Vila Velha Loop,Ahmadnagar,302,510737228015.0,Maharashtra,9,,44,India
40070.0,898 Jining Lane,Oulu,303,161643343536.0,Pohjois-Pohjanmaa,387,,33,Finland
52137.0,1635 Kuwana Boulevard,Hiroshima,304,710603868323.0,Hiroshima,205,,50,Japan
56883.0,41 El Alto Parkway,Parbhani,305,51917807050.0,Maharashtra,398,,44,India
68469.0,1883 Maikop Lane,Kaliningrad,306,96110042435.0,Kaliningrad,254,,80,Russian Federation
58979.0,1908 Gaziantep Place,Tiefa,307,108053751300.0,Liaoning,536,,23,China
57587.0,687 Alessandria Parkway,Sanaa,308,407218522294.0,Sanaa,455,,107,Yemen
79047.0,827 Yuncheng Drive,Callao,309,504434452842.0,Callao,99,,74,Peru
42141.0,913 Coacalco de Berriozábal Loop,Arlington,310,262088367001.0,Texas,33,,103,United States
84804.0,715 São Bernardo do Campo Lane,Sungai Petani,311,181179321332.0,Kedah,507,,59,Malaysia
80184.0,1354 Siegen Street,Angra dos Reis,312,573441801529.0,Rio de Janeiro,25,,15,Brazil
9668.0,1191 Sungai Petani Boulevard,Kansas City,313,983259819766.0,Missouri,262,,103,United States
70923.0,1224 Huejutla de Reyes Boulevard,Brescia,314,806016930576.0,Lombardia,91,,49,Italy
59686.0,543 Bergamo Avenue,Ibirité,315,103602195112.0,Minas Gerais,215,,15,Brazil
94878.0,746 Joliet Lane,Kursk,316,688485191923.0,Kursk,286,,80,Russian Federation
17032.0,780 Kimberley Way,Tabuk,317,824396883951.0,Tabuk,515,,82,Saudi Arabia
91400.0,1774 Yaoundé Place,Ezhou,318,613124286867.0,Hubei,166,,23,China
59255.0,1957 Yantai Lane,Sorocaba,319,704948322302.0,São Paulo,490,,15,Brazil
62472.0,1542 Lubumbashi Boulevard,Bat Yam,320,508800331065.0,Tel Aviv,57,,48,Israel
59811.0,651 Pathankot Loop,Miraj,321,139378397418.0,Maharashtra,336,,44,India
29763.0,1359 Zhoushan Parkway,Tórshavn,322,46568045367.0,Streymoyar,545,,32,Faroe Islands
25787.0,1769 Iwaki Lane,Bydgoszcz,323,556100547674.0,Kujawsko-Pomorskie,97,,76,Poland
73170.0,1145 Vilnius Manor,San Felipe del Progreso,324,674805712553.0,Mxico,451,,60,Mexico
28396.0,1892 Nabereznyje Tšelny Lane,Tafuna,325,478229987054.0,Tutuila,516,,3,American Samoa
97960.0,470 Boksburg Street,Birgunj,326,908029859266.0,Central,81,,66,Nepal
85799.0,1427 A Coruña (La Coruña) Place,Bahía Blanca,327,972574862516.0,Buenos Aires,45,,6,Argentina
54949.0,479 San Felipe del Progreso Avenue,Cuautla,328,869051782691.0,Morelos,130,,60,Mexico
78543.0,867 Benin City Avenue,Yuzhou,329,168884817145.0,Henan,591,,23,China
87611.0,981 Kumbakonam Place,Brasília,330,829116184079.0,Distrito Federal,89,,15,Brazil
49833.0,1016 Iwakuni Street,Kingstown,331,961370847344.0,St George,269,,81,Saint Vincent and the Grenadines
33463.0,663 Bahía Blanca Parkway,Adana,332,834418779292.0,Adana,5,,97,Turkey
59550.0,1860 Taguig Loop,Ciparay,333,38158430589.0,West Java,119,,45,Indonesia
64308.0,1816 Bydgoszcz Loop,Jamalpur,334,965273813662.0,Dhaka,234,,12,Bangladesh
91590.0,587 Benguela Manor,Aurora,335,165450987037.0,Illinois,42,,103,United States
28814.0,430 Kumbakonam Drive,Santa Fé,336,105470691550.0,Santa Fé,457,,6,Argentina
1195.0,1838 Tabriz Lane,Dhaka,337,38988715447.0,Dhaka,143,,12,Bangladesh
57828.0,431 Székesfehérvár Avenue,Baku,338,119501405123.0,Baki,48,,10,Azerbaijan
49812.0,503 Sogamoso Loop,Sumqayit,339,834626715837.0,Sumqayit,505,,10,Azerbaijan
22971.0,507 Smolensk Loop,Sousse,340,80303246192.0,Sousse,492,,96,Tunisia
15643.0,1920 Weifang Avenue,Rampur,341,869507847714.0,Uttar Pradesh,427,,44,India
52368.0,124 al-Manama Way,Onomichi,342,647899404952.0,Hiroshima,382,,50,Japan
31483.0,1443 Mardan Street,Paarl,343,231383037471.0,Western Cape,392,,85,South Africa
19913.0,1909 Benguela Lane,Xinxiang,344,624138001031.0,Henan,581,,23,China
85926.0,68 Ponce Parkway,Hanoi,345,870635127812.0,Hanoi,201,,105,Vietnam
504.0,1217 Konotop Avenue,Ede,346,718917251754.0,Gelderland,151,,67,Netherlands
71583.0,1293 Nam Dinh Way,Boa Vista,347,697656479977.0,Roraima,84,,15,Brazil
36170.0,785 Vaduz Street,Mexicali,348,895616862749.0,Baja California,335,,60,Mexico
46069.0,1516 Escobar Drive,Nuku´alofa,349,64536069371.0,Tongatapu,370,,95,Tonga
60079.0,1628 Nagareyama Lane,San Lorenzo,350,20064292617.0,Central,453,,73,Paraguay
56380.0,1157 Nyeri Loop,Maikop,351,262744791493.0,Adygea,320,,80,Russian Federation
26857.0,1673 Tangail Drive,Daugavpils,352,627924259271.0,Daugavpils,137,,54,Latvia
87272.0,381 Kabul Way,Hsichuh,353,55477302294.0,Taipei,209,,92,Taiwan
18841.0,953 Hodeida Street,Imus,354,53912826864.0,Southern Tagalog,221,,75,Philippines
58866.0,469 Nakhon Sawan Street,Tšeboksary,355,689199636560.0,Tuvassia,531,,80,Russian Federation
40792.0,1378 Beira Loop,Zeleznogorsk,356,840957664136.0,Krasnojarsk,597,,80,Russian Federation
37636.0,1641 Changhwa Place,Bamenda,357,256546485220.0,Nord-Ouest,52,,19,Cameroon
49009.0,1698 Southport Loop,Pachuca de Soto,358,754358349853.0,Hidalgo,393,,60,Mexico
37650.0,519 Nyeri Manor,Santo André,359,764680915323.0,São Paulo,461,,15,Brazil
81508.0,619 Huánuco Avenue,Matsue,360,142596392389.0,Shimane,331,,50,Japan
7431.0,45 Aparecida de Goiânia Place,Satna,361,650496654258.0,Madhya Pradesh,464,,44,India
97056.0,482 Kowloon and New Kowloon Manor,Bratislava,362,738968474939.0,Bratislava,90,,84,Slovakia
5373.0,604 Bern Place,Ranchi,363,620719383725.0,Jharkhand,429,,44,India
91299.0,1623 Kingstown Drive,Almirante Brown,364,296394569728.0,Buenos Aires,20,,6,Argentina
64875.0,1009 Zanzibar Lane,Arecibo,365,102396298916.0,Arecibo,32,,77,Puerto Rico
60440.0,114 Jalib al-Shuyukh Manor,Yaoundé,366,845378657301.0,Centre,585,,19,Cameroon
6066.0,1163 London Parkway,Belém,367,675120358494.0,Par,66,,15,Brazil
96584.0,1658 Jastrzebie-Zdrój Loop,Nyeri,368,568367775448.0,Central,372,,52,Kenya
77449.0,817 Laredo Avenue,Guadalajara,369,151249681135.0,Jalisco,188,,60,Mexico
45750.0,1565 Tangail Manor,Okinawa,370,634445428822.0,Okinawa,377,,50,Japan
33050.0,1912 Emeishan Drive,Balikesir,371,99883471275.0,Balikesir,50,,97,Turkey
2738.0,230 Urawa Drive,Adoni,372,166898395731.0,Andhra Pradesh,8,,44,India
13203.0,1922 Miraj Way,Najafabad,373,320471479776.0,Esfahan,356,,46,Iran
91330.0,433 Florencia Street,Juárez,374,561729882725.0,Chihuahua,250,,60,Mexico
69640.0,1049 Matamoros Parkway,Gulbarga,375,960505250340.0,Karnataka,191,,44,India
57810.0,1061 Ede Avenue,Cabuyao,376,333390595558.0,Southern Tagalog,98,,75,Philippines
72771.0,154 Oshawa Manor,Probolinggo,377,440365973660.0,East Java,415,,45,Indonesia
6362.0,1191 Tandil Drive,Tanauan,378,45554316010.0,Southern Tagalog,523,,75,Philippines
2800.0,1133 Rizhao Avenue,Vitória de Santo Antão,379,600264533987.0,Pernambuco,572,,15,Brazil
22025.0,1519 Santiago de los Caballeros Loop,Mwene-Ditu,380,409315295763.0,East Kasai,348,,25,"Congo, The Democratic Republic of the"
26385.0,1618 Olomouc Manor,Kurgan,381,96846695220.0,Kurgan,285,,80,Russian Federation
45298.0,220 Hidalgo Drive,Kermanshah,382,342720754566.0,Kermanshah,265,,46,Iran
97390.0,686 Donostia-San Sebastián Lane,Shenzhen,383,71857599858.0,Guangdong,471,,23,China
89294.0,97 Mogiljov Lane,Bhavnagar,384,924815207181.0,Gujarat,73,,44,India
75442.0,1642 Charlotte Amalie Drive,Tychy,385,821476736117.0,Slaskie,549,,76,Poland
32716.0,1368 Maracaíbo Boulevard,South Hill,386,934352415130.0,,493,,5,Anguilla
25007.0,401 Sucre Boulevard,Manchester,387,486395999608.0,New Hampshire,322,,103,United States
17165.0,368 Huánuco Boulevard,Namibe,388,106439158941.0,Namibe,360,,4,Angola
95509.0,500 Lincoln Parkway,Huai´an,389,550306965159.0,Ji´angsu,210,,23,China
14073.0,102 Chapra Drive,Tama,390,776031833752.0,Ibaragi,521,,50,Japan
33535.0,1793 Meixian Place,Kamjanets-Podilskyi,391,619966287415.0,Hmelnytskyi,258,,100,Ukraine
69973.0,514 Ife Way,Lubumbashi,392,900235712074.0,Shaba,315,,25,"Congo, The Democratic Republic of the"
21615.0,717 Changzhou Lane,Cavite,393,426255288071.0,Southern Tagalog,104,,75,Philippines
3656.0,753 Ilorin Avenue,Emeishan,394,464511145118.0,Sichuan,157,,23,China
29810.0,1337 Mit Ghamr Avenue,Nakhon Sawan,395,175283210378.0,Nakhon Sawan,358,,94,Thailand
83536.0,767 Pyongyang Drive,Izumisano,396,667736124769.0,Osaka,229,,50,Japan
27796.0,614 Pak Kret Street,Addis Abeba,397,47808359842.0,Addis Abeba,6,,31,Ethiopia
8816.0,954 Lapu-Lapu Way,Korolev,398,737229003916.0,Moskova,278,,80,Russian Federation
966.0,331 Bydgoszcz Parkway,Gijón,399,537374465982.0,Asturia,181,,87,Spain
5239.0,1152 Citrus Heights Manor,al-Qadarif,400,765957414528.0,al-Qadarif,15,,89,Sudan
73824.0,168 Cianjur Manor,Iwatsuki,401,679095087143.0,Saitama,228,,50,Japan
46043.0,616 Hagonoy Avenue,Atšinsk,402,604177838256.0,Krasnojarsk,39,,80,Russian Federation
10417.0,1190 0 Place,Bagé,403,841876514789.0,Rio Grande do Sul,44,,15,Brazil
30586.0,734 Béchar Place,Okara,404,280578750435.0,Punjab,375,,72,Pakistan
11067.0,530 Lausanne Lane,Dallas,405,775235029633.0,Texas,135,,103,United States
13496.0,454 Patiala Lane,Koriyama,406,794553031307.0,Fukushima,276,,50,Japan
61507.0,1346 Mysore Drive,Brest,407,516647474029.0,Bretagne,92,,34,France
79940.0,990 Etawah Loop,Valparai,408,206169448769.0,Tamil Nadu,564,,44,India
7664.0,1266 Laredo Parkway,Omiya,409,1483365694.0,Saitama,380,,50,Japan
86868.0,88 Nagaon Manor,Tandil,410,779461480495.0,Buenos Aires,524,,6,Argentina
54749.0,264 Bhimavaram Manor,Charlotte Amalie,411,302526949177.0,St Thomas,111,,106,"Virgin Islands, U.S."
9827.0,1639 Saarbrücken Drive,Rustenburg,412,328494873422.0,North West,437,,85,South Africa
35575.0,692 Amroha Drive,Jaffna,413,359478883004.0,Northern,230,,88,Sri Lanka
7122.0,1936 Lapu-Lapu Parkway,Deba Habe,414,653436985797.0,Bauchi & Gombe,141,,69,Nigeria
65630.0,432 Garden Grove Street,Richmond Hill,415,615964523510.0,Ontario,430,,20,Canada
70809.0,1445 Carmen Parkway,Cianjur,416,598912394463.0,West Java,117,,45,Indonesia
40509.0,791 Salinas Street,Hoshiarpur,417,129953030512.0,Punjab,208,,44,India
58888.0,126 Acuña Parkway,Berhampore (Baharampur),418,480039662421.0,West Bengali,71,,44,India
55566.0,397 Sunnyvale Avenue,Allende,419,680851640676.0,Guanajuato,19,,60,Mexico
33711.0,992 Klerksdorp Loop,Amersfoort,420,855290087237.0,Utrecht,23,,67,Netherlands
94018.0,966 Arecibo Loop,Dadu,421,15273765306.0,Sind,134,,72,Pakistan
72410.0,289 Santo André Manor,al-Qatif,422,214976066017.0,al-Sharqiya,16,,82,Saudi Arabia
59489.0,437 Chungho Drive,San Felipe de Puerto Plata,423,491271355190.0,Puerto Plata,450,,27,Dominican Republic
60622.0,1948 Bayugan Parkway,Katihar,424,987306329957.0,Bihar,264,,44,India
89420.0,1866 al-Qatif Avenue,El Monte,425,546793516940.0,California,155,,103,United States
14400.0,1661 Abha Drive,Pudukkottai,426,270456873752.0,Tamil Nadu,416,,44,India
46875.0,1557 Cape Coral Parkway,Laohekou,427,368284120423.0,Hubei,293,,23,China
78813.0,1727 Matamoros Place,Sawhaj,428,129673677866.0,Sawhaj,465,,29,Egypt
47394.0,1269 Botosani Manor,Shanwei,429,736517327853.0,Guangdong,468,,23,China
81758.0,355 Vitória de Santo Antão Way,San Juan Bautista Tuxtepec,430,548003849552.0,Oaxaca,452,,60,Mexico
70425.0,1596 Acuña Parkway,Purnea (Purnia),431,157133457169.0,Jharkhand,418,,44,India
64964.0,259 Ipoh Drive,Guarujá,432,419009857119.0,São Paulo,189,,15,Brazil
33191.0,1823 Hoshiarpur Lane,Syktyvkar,433,307133768620.0,Komi,510,,80,Russian Federation
87212.0,1404 Taguig Drive,Tsuyama,434,572068624538.0,Okayama,547,,50,Japan
33505.0,740 Udaipur Lane,Dzerzinsk,435,497288595103.0,Nizni Novgorod,150,,80,Russian Federation
72736.0,287 Cuautla Boulevard,Sucre,436,82619513349.0,Chuquisaca,501,,14,Bolivia
63104.0,1766 Almirante Brown Street,Newcastle,437,617567598243.0,KwaZulu-Natal,364,,85,South Africa
65892.0,596 Huixquilucan Place,Naçala-Porto,438,342709348083.0,Nampula,351,,63,Mozambique
41775.0,1351 Aparecida de Goiânia Parkway,Ozamis,439,959834530529.0,Northern Mindanao,391,,75,Philippines
90920.0,722 Bradford Lane,Junan,440,746251338300.0,Shandong,249,,23,China
47472.0,983 Santa Fé Way,Vancouver,441,145720452260.0,British Colombia,565,,20,Canada
40926.0,1245 Ibirité Way,La Romana,442,331888642162.0,La Romana,290,,27,Dominican Republic
55405.0,1836 Korla Parkway,Kitwe,443,689681677428.0,Copperbelt,272,,109,Zambia
57833.0,231 Kaliningrad Place,Bergamo,444,575081026569.0,Lombardia,70,,49,Italy
3.0,495 Bhimavaram Lane,Dhule (Dhulia),445,82088937724.0,Maharashtra,144,,44,India
52625.0,1924 Shimonoseki Drive,Batna,446,406784385440.0,Batna,59,,2,Algeria
48570.0,105 Dzerzinsk Manor,Tongliao,447,240776414296.0,Inner Mongolia,540,,23,China
29444.0,614 Denizli Parkway,São Leopoldo,448,876491807547.0,Rio Grande do Sul,486,,15,Brazil
88306.0,1289 Belém Boulevard,Tartu,449,237368926031.0,Tartumaa,530,,30,Estonia
73942.0,203 Tambaram Street,Escobar,450,411549550611.0,Buenos Aires,161,,6,Argentina
2834.0,1704 Tambaram Manor,Uluberia,451,39463554936.0,West Bengali,554,,44,India
52671.0,207 Cuernavaca Loop,Nabereznyje Tšelny,452,782900030287.0,Tatarstan,352,,80,Russian Federation
99552.0,319 Springs Loop,Erlangen,453,72524459905.0,Baijeri,160,,38,Germany
21872.0,956 Nam Dinh Manor,Sirjan,454,474047727727.0,Kerman,481,,46,Iran
23636.0,1947 Paarl Way,Surakarta,455,834061016202.0,Central Java,509,,45,Indonesia
48745.0,814 Simferopol Loop,El Fuerte,456,524567129902.0,Sinaloa,154,,60,Mexico
41136.0,535 Ahmadnagar Manor,Abu Dhabi,457,985109775584.0,Abu Dhabi,3,,101,United Arab Emirates
16790.0,138 Caracas Boulevard,Maracaíbo,458,974433019532.0,Zulia,326,,104,Venezuela
16119.0,251 Florencia Drive,Uruapan,459,118011831565.0,Michoacn de Ocampo,556,,60,Mexico
28587.0,659 Gatineau Boulevard,El Alto,460,205524798287.0,La Paz,153,,14,Bolivia
75559.0,1889 Valparai Way,Ziguinchor,461,670370974122.0,Ziguinchor,600,,83,Senegal
83183.0,1485 Bratislava Place,Rockford,462,924663855568.0,Illinois,435,,103,United States
64709.0,935 Aden Boulevard,Tegal,463,335052544020.0,Central Java,532,,45,Indonesia
23343.0,76 Kermanshah Manor,Qomsheh,464,762361821578.0,Esfahan,423,,46,Iran
70664.0,734 Tanshui Avenue,Florencia,465,366776723320.0,Caquet,170,,24,Colombia
10447.0,118 Jaffna Loop,Gingoog,466,325526730021.0,Northern Mindanao,182,,75,Philippines
22173.0,1621 Tongliao Avenue,Usolje-Sibirskoje,467,209342540247.0,Irkutsk,558,,80,Russian Federation
84461.0,1844 Usak Avenue,Halifax,468,164414772677.0,Nova Scotia,196,,20,Canada
7939.0,1872 Toulon Loop,Rancagua,469,928809465153.0,OHiggins,428,,22,Chile
88502.0,1088 Ibirité Place,Zapopan,470,49084281333.0,Jalisco,595,,60,Mexico
95400.0,1322 Mosul Parkway,Dongying,471,268053970382.0,Shandong,145,,23,China
41545.0,1447 Chatsworth Place,Cuauhtémoc,472,769370126331.0,Chihuahua,129,,60,Mexico
33599.0,1257 Guadalajara Street,Bijapur,473,195337700615.0,Karnataka,78,,44,India
95835.0,1469 Plock Lane,Ourense (Orense),474,622884741180.0,Galicia,388,,87,Spain
14122.0,434 Ourense (Orense) Manor,Hodeida,475,562370137426.0,Hodeida,206,,107,Yemen
9668.0,270 Tambaram Parkway,Johannesburg,476,248446668735.0,Gauteng,244,,85,South Africa
66546.0,1786 Salinas Place,Nam Dinh,477,206060652238.0,Nam Ha,359,,105,Vietnam
69221.0,1078 Stara Zagora Drive,Lhokseumawe,478,932992626595.0,Aceh,301,,45,Indonesia
42123.0,1854 Okara Boulevard,Emmen,479,131912793873.0,Drenthe,158,,67,Netherlands
11363.0,421 Yaoundé Street,Šostka,480,726875628268.0,Sumy,385,,100,Ukraine
20336.0,1153 Allende Way,Gatineau,481,856872225376.0,Québec,179,,20,Canada
41060.0,808 Naçala-Porto Parkway,Stockport,482,553452430707.0,England,500,,102,United Kingdom
73085.0,632 Usolje-Sibirskoje Parkway,Ashqelon,483,667648979883.0,Ha Darom,36,,48,Israel
88749.0,98 Pyongyang Boulevard,Akron,484,191958435142.0,Ohio,11,,103,United States
28165.0,984 Novotšerkassk Loop,Gaziantep,485,435118527255.0,Gaziantep,180,,97,Turkey
25145.0,64 Korla Street,Mwanza,486,510383179153.0,Mwanza,347,,93,Tanzania
71182.0,1785 São Bernardo do Campo Street,Coatzacoalcos,487,684529463244.0,Veracruz,125,,60,Mexico
2596.0,698 Jelets Boulevard,Denizli,488,975185523021.0,Denizli,142,,97,Turkey
11839.0,1297 Alvorada Parkway,Yinchuan,489,508348602835.0,Ningxia,587,,23,China
88513.0,1909 Dayton Avenue,Shaoguan,490,702955450528.0,Guangdong,469,,23,China
8268.0,1789 Saint-Denis Parkway,Acuña,491,936806643983.0,Coahuila de Zaragoza,4,,60,Mexico
23661.0,185 Mannheim Lane,Pjatigorsk,492,589377568313.0,Stavropol,408,,80,Russian Federation
94239.0,184 Mandaluyong Street,La Paz,493,488425406814.0,Baja California Sur,288,,60,Mexico
46400.0,591 Sungai Petani Drive,Okayama,494,37247325001.0,Okayama,376,,50,Japan
19489.0,656 Matamoros Drive,Sogamoso,495,17305839123.0,Boyac,487,,24,Colombia
22358.0,775 Šostka Drive,Mit Ghamr,496,171973024401.0,al-Daqahliya,337,,29,Egypt
96203.0,1013 Tabuk Boulevard,Kanchrapara,497,158399646978.0,West Bengali,261,,44,India
26101.0,319 Plock Parkway,Sultanbeyli,498,854259976812.0,Istanbul,504,,97,Turkey
63667.0,1954 Kowloon and New Kowloon Way,Ríobamba,499,898559280434.0,Chimborazo,434,,28,Ecuador
98030.0,362 Rajkot Lane,Baiyin,500,962020153680.0,Gansu,47,,23,China
72349.0,1060 Tandil Lane,Rizhao,501,211256301880.0,Shandong,432,,23,China
57197.0,1515 Korla Way,York,502,959467760895.0,England,589,,102,United Kingdom
50592.0,1416 San Juan Bautista Tuxtepec Avenue,Salala,503,144206758053.0,Zufar,444,,71,Oman
86208.0,1 Valle de Santiago Avenue,Brindisi,504,465897838272.0,Apulia,93,,49,Italy
69504.0,519 Brescia Parkway,Madiun,505,793996678771.0,East Java,318,,45,Indonesia
16370.0,414 Mandaluyong Street,Lublin,506,52709222667.0,Lubelskie,314,,76,Poland
87687.0,1197 Sokoto Boulevard,Siliguri (Shiliguri),507,868602816371.0,West Bengali,478,,44,India
90797.0,496 Celaya Drive,Ueda,508,759586584889.0,Nagano,552,,50,Japan
37469.0,786 Matsue Way,Joliet,509,111177206479.0,Illinois,245,,103,United States
1570.0,48 Maracaíbo Place,Talavera,510,82671830126.0,Central Luzon,519,,75,Philippines
44816.0,1152 al-Qatif Lane,Pontianak,511,131370665218.0,Kalimantan Barat,412,,45,Indonesia
54674.0,1269 Ipoh Avenue,Eskisehir,512,402630109080.0,Eskisehir,163,,97,Turkey
75474.0,758 Korolev Parkway,Vijayawada,513,441628280920.0,Andhra Pradesh,568,,44,India
51369.0,1747 Rustenburg Place,Chapra,514,442673923363.0,Bihar,110,,44,India
19450.0,886 Tonghae Place,Kamyšin,515,711928348157.0,Volgograd,259,,80,Russian Federation
39529.0,1574 Goiânia Boulevard,Suihua,516,59634255214.0,Heilongjiang,502,,23,China
35653.0,548 Uruapan Street,London,517,879347453467.0,Ontario,312,,102,United Kingdom
65952.0,962 Tama Loop,Yangor,519,282667506728.0,,583,,65,Nauru
35156.0,1778 Gijón Manor,Zaoyang,520,288910576761.0,Hubei,594,,23,China
92568.0,568 Dhule (Dhulia) Loop,Coquimbo,521,602101369463.0,Coquimbo,127,,22,Chile
32347.0,1768 Udine Loop,Battambang,522,448876499197.0,Battambang,60,,18,Cambodia
400.0,608 Birgunj Parkway,Chungho,523,627425618482.0,Taipei,116,,92,Taiwan
49806.0,680 A Coruña (La Coruña) Manor,Sivas,524,158326114853.0,Sivas,482,,97,Turkey
61244.0,1949 Sanya Street,Isesaki,525,132100972047.0,Gumma,224,,50,Japan
94707.0,617 Klerksdorp Place,Nha Trang,526,574973479129.0,Khanh Hoa,366,,105,Vietnam
41214.0,1993 0 Loop,Yingkou,527,25865528181.0,Liaoning,588,,23,China
81651.0,1176 Southend-on-Sea Manor,Santa Rosa,528,236679267178.0,Southern Tagalog,458,,75,Philippines
18043.0,600 Purnea (Purnia) Avenue,Vinh,529,638409958875.0,Nghe An,571,,105,Vietnam
25972.0,1003 Qinhuangdao Street,Purwakarta,530,35533115997.0,West Java,419,,45,Indonesia
95775.0,1986 Sivas Place,Udine,531,182059202712.0,Friuli-Venezia Giuli,551,,49,Italy
31342.0,1427 Tabuk Place,Cape Coral,532,214756839122.0,Florida,101,,103,United States
35364.0,556 Asunción Way,Mogiljov,533,338244023543.0,Mogiljov,339,,13,Belarus
35202.0,486 Ondo Parkway,Benguela,534,105882218332.0,Benguela,67,,4,Angola
40899.0,635 Brest Manor,Bhimavaram,535,80593242951.0,Andhra Pradesh,75,,44,India
86760.0,166 Jinchang Street,Ezeiza,536,717566026669.0,Buenos Aires,165,,6,Argentina
88408.0,958 Sagamihara Lane,Kuwana,537,427274926505.0,Mie,287,,50,Japan
79401.0,1817 Livorno Way,Cam Ranh,538,478380208348.0,Khanh Hoa,100,,105,Vietnam
22813.0,1332 Gaziantep Lane,Binzhou,539,383353187467.0,Shandong,80,,23,China
67521.0,949 Allende Lane,Amroha,540,122981120653.0,Uttar Pradesh,24,,44,India
49250.0,195 Ilorin Street,NDjamna,541,8912935608.0,Chari-Baguirmi,363,,21,Chad
9750.0,193 Bhusawal Place,Tonghae,542,745267607502.0,Kang-won,539,,86,South Korea
79814.0,43 Vilnius Manor,Aurora,543,484500282381.0,Colorado,42,,103,United States
69953.0,183 Haiphong Street,Baicheng,544,488600270038.0,Jilin,46,,23,China
33030.0,163 Augusta-Richmond County Loop,Valencia,545,754579047924.0,Carabobo,561,,104,Venezuela
13629.0,191 José Azueta Parkway,Ruse,546,932156667696.0,Ruse,436,,17,Bulgaria
74568.0,379 Lublin Parkway,Livorno,547,921960450089.0,Toscana,309,,49,Italy
51309.0,1658 Cumaná Loop,Pangkal Pinang,548,784907335610.0,Sumatera Selatan,396,,45,Indonesia
25866.0,454 Qinhuangdao Drive,Beni-Mellal,549,786270036240.0,Tadla-Azilal,68,,62,Morocco
55676.0,1715 Okayama Street,São Bernardo do Campo,550,169352919175.0,São Paulo,485,,15,Brazil
15414.0,182 Nuku´alofa Drive,Konotop,551,426346224043.0,Sumy,275,,100,Ukraine
5753.0,390 Wroclaw Way,Sanya,552,357593328658.0,Hainan,462,,23,China
19151.0,1421 Quilmes Lane,Kanazawa,553,135407755975.0,Ishikawa,260,,50,Japan
841.0,947 Tórshavn Place,Tarlac,554,50898428626.0,Central Luzon,528,,75,Philippines
77642.0,1764 Jalib al-Shuyukh Parkway,Santiago de Compostela,555,84794532510.0,Galicia,459,,87,Spain
39976.0,346 Cam Ranh Avenue,Zhoushan,556,978430786151.0,Zhejiang,599,,23,China
26284.0,1407 Pachuca de Soto Place,Alvorada,557,380077794770.0,Rio Grande do Sul,21,,15,Brazil
52234.0,904 Clarksville Drive,Haining,558,955349440539.0,Zhejiang,193,,23,China
11892.0,1917 Kumbakonam Parkway,Novi Sad,559,698182547686.0,Vojvodina,368,,108,Yugoslavia
12905.0,1447 Imus Place,Rajkot,560,62127829280.0,Gujarat,426,,44,India
63022.0,1497 Fengshan Drive,Chatsworth,561,368738360376.0,KwaZulu-Natal,112,,85,South Africa
57380.0,869 Shikarpur Way,Southport,562,590764256785.0,England,496,,102,United Kingdom
47498.0,1059 Yuncheng Avenue,Vilnius,563,107092893983.0,Vilna,570,,56,Lithuania
97271.0,505 Madiun Boulevard,Wroclaw,564,970638808606.0,Dolnoslaskie,577,,76,Poland
22372.0,1741 Hoshiarpur Boulevard,Bilbays,565,855066328617.0,al-Sharqiya,79,,29,Egypt
40195.0,1229 Varanasi (Benares) Manor,Avellaneda,566,817740355461.0,Buenos Aires,43,,6,Argentina
77464.0,1894 Boa Vista Way,Garland,567,239357986667.0,Texas,178,,103,United States
93655.0,1342 Sharja Way,Sokoto,568,946114054231.0,Sokoto & Kebbi & Zam,488,,69,Nigeria
10714.0,1342 Abha Boulevard,Bucuresti,569,997453607116.0,Bukarest,95,,78,Romania
44274.0,415 Pune Avenue,Xintai,570,203202500108.0,Shandong,580,,23,China
32515.0,1746 Faaa Way,Huánuco,571,863080561151.0,Huánuco,214,,74,Peru
52196.0,539 Hami Way,Tokat,572,525518075499.0,Tokat,538,,97,Turkey
33224.0,1407 Surakarta Manor,Serpuhov,573,324346485054.0,Moskova,466,,80,Russian Federation
15992.0,502 Mandi Bahauddin Parkway,Barcelona,574,618156722572.0,Anzotegui,55,,104,Venezuela
77397.0,1052 Pathankot Avenue,Leshan,575,128499386727.0,Sichuan,299,,23,China
37815.0,1351 Sousse Lane,Monclova,576,203804046132.0,Coahuila de Zaragoza,341,,60,Mexico
943.0,1501 Pangkal Pinang Avenue,Plock,577,770864062795.0,Mazowieckie,409,,76,Poland
86587.0,1405 Hagonoy Avenue,Czestochowa,578,867287719310.0,Slaskie,133,,76,Poland
95093.0,521 San Juan Bautista Tuxtepec Place,Zhezqazghan,579,844018348565.0,Qaraghandy,598,,51,Kazakstan
33384.0,923 Tangail Boulevard,Akishima,580,315528269898.0,Tokyo-to,10,,50,Japan
89422.0,186 Skikda Lane,Cuernavaca,581,14465669789.0,Morelos,131,,60,Mexico
34750.0,1568 Celaya Parkway,Fengshan,582,278669994384.0,Kaohsiung,168,,92,Taiwan
98883.0,1489 Kakamigahara Lane,Tanshui,583,29341849811.0,Taipei,526,,92,Taiwan
53829.0,1819 Alessandria Loop,Carmen,584,377633994405.0,Campeche,103,,60,Mexico
73605.0,1208 Tama Loop,Mosul,585,954786054144.0,Ninawa,344,,47,Iraq
96115.0,951 Springs Lane,Iligan,586,165164761435.0,Central Mindanao,219,,75,Philippines
64682.0,760 Miyakonojo Drive,José Azueta,587,294449058179.0,Guerrero,246,,60,Mexico
62703.0,966 Asunción Way,Huejutla de Reyes,588,995527378381.0,Hidalgo,212,,60,Mexico
22954.0,1584 Ljubertsy Lane,Southampton,589,285710089439.0,England,494,,102,United Kingdom
53446.0,247 Jining Parkway,Banjul,590,170115379190.0,Banjul,54,,37,Gambia
12664.0,773 Dallas Manor,Quilmes,591,914466027044.0,Buenos Aires,424,,6,Argentina
95179.0,1923 Stara Zagora Lane,Tsaotun,592,182178609211.0,Nantou,546,,92,Taiwan
71102.0,1402 Zanzibar Boulevard,Celaya,593,387448063440.0,Guanajuato,106,,60,Mexico
17381.0,1464 Kursk Parkway,Weifang,594,338758048786.0,Shandong,574,,23,China
22474.0,1074 Sanaa Parkway,Loja,595,154124128457.0,Loja,311,,28,Ecuador
39414.0,1759 Niznekamsk Avenue,al-Manama,596,864392582257.0,al-Manama,14,,11,Bahrain
1944.0,32 Liaocheng Way,Juiz de Fora,597,410877354933.0,Minas Gerais,248,,15,Brazil
14684.0,42 Fontana Avenue,Székesfehérvár,598,437829801725.0,Fejr,512,,43,Hungary
36693.0,1895 Zhezqazghan Drive,Garden Grove,599,137809746111.0,California,177,,103,United States
82580.0,1837 Kaduna Parkway,Jining,600,640843562301.0,Inner Mongolia,241,,23,China
36603.0,844 Bucuresti Place,Jinzhou,601,935952366111.0,Liaoning,242,,23,China
97661.0,1101 Bucuresti Boulevard,Patras,602,199514580428.0,West Greece,401,,39,Greece
52137.0,1103 Quilmes Boulevard,Sullana,603,644021380889.0,Piura,503,,74,Peru
61960.0,1331 Usak Boulevard,Lausanne,604,145308717464.0,Vaud,296,,91,Switzerland
27107.0,1325 Fukuyama Street,Tieli,605,288241215394.0,Heilongjiang,537,,23,China
